date,mean_ndvi
2016-01-08,0.656
2016-01-10,0.612
2016-01-12,0.708
2016-01-13,0.622
2016-01-17,0.636
2016-01-21,0.654
2016-02-01,0.649
2016-02-05,0.598
2016-02-08,0.604
2016-02-14,0.630
2016-02-16,0.603
2016-03-01,0.563
2016-03-02,0.508
2016-03-04,0.586
2016-03-05,0.654
2016-03-08,0.562
2016-03-10,0.560
2016-03-11,0.590
2016-03-12,0.623
2016-03-13,0.599
2016-03-22,0.549
2016-03-24,0.593
2016-03-26,0.578
2016-04-10,0.718
2016-04-12,0.665
2016-04-14,0.672
2016-04-15,0.715
2016-04-23,0.790
2016-04-24,0.792
2016-04-25,0.767
2016-05-01,0.805
2016-05-02,0.794
2016-05-04,0.782
2016-05-05,0.816
2016-05-16,0.850
2016-05-18,0.842
2016-05-20,0.840
2016-05-21,0.884
2016-05-23,0.883
2016-05-24,0.885
2016-05-27,0.841
2016-06-03,0.881
2016-06-04,0.843
2016-06-06,0.910
2016-06-07,0.855
2016-06-08,0.891
2016-06-10,0.841
2016-06-15,0.906
2016-06-19,0.953
2016-06-20,0.821
2016-06-22,0.876
2016-06-23,0.885
2016-06-24,0.884
2016-06-25,0.866
2016-06-26,0.908
2016-06-27,0.853
2016-06-28,0.852
2016-06-29,0.820
2016-07-03,0.885
2016-07-04,0.864
2016-07-06,0.864
2016-07-07,0.846
2016-07-08,0.813
2016-07-09,0.882
2016-07-10,0.892
2016-07-11,0.941
2016-07-12,0.905
2016-07-15,0.819
2016-07-16,0.871
2016-07-17,0.869
2016-07-18,0.860
2016-07-19,0.861
2016-07-21,0.785
2016-07-24,0.849
2016-07-25,0.863
2016-07-26,0.875
2016-07-27,0.866
2016-07-28,0.870
2016-07-29,0.833
2016-07-31,0.873
2016-08-01,0.846
2016-08-02,0.876
2016-08-03,0.889
2016-08-04,0.832
2016-08-05,0.849
2016-08-07,0.830
2016-08-08,0.847
2016-08-10,0.837
2016-08-11,0.836
2016-08-13,0.843
2016-08-14,0.847
2016-08-15,0.837
2016-08-19,0.826
2016-08-21,0.879
2016-08-23,0.832
2016-08-24,0.831
2016-08-25,0.826
2016-08-26,0.825
2016-08-27,0.820
2016-08-30,0.875
2016-09-01,0.852
2016-09-02,0.860
2016-09-03,0.857
2016-09-05,0.809
2016-09-06,0.841
2016-09-07,0.828
2016-09-11,0.815
2016-09-12,0.825
2016-09-13,0.825
2016-09-16,0.810
2016-09-18,0.787
2016-09-19,0.847
2016-09-22,0.805
2016-09-24,0.875
2016-09-25,0.820
2016-09-27,0.829
2016-09-28,0.854
2016-09-29,0.846
2016-09-30,0.851
2016-10-03,0.859
2016-10-04,0.828
2016-10-09,0.888
2016-10-10,0.901
2016-10-15,0.877
2016-10-21,0.853
2016-10-27,0.773
2016-10-28,0.810
2016-10-29,0.797
2016-10-30,0.817
2016-10-31,0.833
2016-11-01,0.796
2016-11-02,0.812
2016-11-03,0.751
2016-11-06,0.817
2016-11-08,0.803
2016-11-12,0.773
2016-11-15,0.750
2016-11-16,0.785
2016-11-17,0.753
2016-11-30,0.761
2016-12-01,0.709
2016-12-02,0.715
2016-12-06,0.660
2016-12-07,0.687
2016-12-09,0.712
2016-12-10,0.723
2016-12-11,0.693
2016-12-13,0.765
2016-12-14,0.662
2016-12-24,0.698
2016-12-27,0.698
2016-12-29,0.692
2016-12-30,0.674
2016-12-31,0.696
2017-01-01,0.634
2017-01-02,0.663
2017-01-03,0.676
2017-01-04,0.687
2017-01-06,0.588
2017-01-07,0.727
2017-01-09,0.756
2017-01-11,0.677
2017-01-12,0.691
2017-01-17,0.591
2017-01-18,0.628
2017-01-19,0.632
2017-01-29,0.716
2017-02-03,0.658
2017-02-09,0.603
2017-02-17,0.733
2017-02-20,0.666
2017-02-21,0.659
2017-02-22,0.734
2017-02-25,0.621
2017-02-26,0.663
2017-03-09,0.612
2017-03-10,0.711
2017-03-11,0.570
2017-03-14,0.638
2017-03-15,0.673
2017-03-16,0.652
2017-03-17,0.704
2017-03-19,0.726
2017-03-20,0.586
2017-03-25,0.612
2017-03-29,0.616
2017-03-30,0.666
2017-04-06,0.726
2017-04-09,0.709
2017-04-11,0.783
2017-04-13,0.785
2017-04-14,0.771
2017-04-16,0.815
2017-04-17,0.750
2017-04-18,0.839
2017-04-19,0.796
2017-04-20,0.817
2017-04-21,0.830
2017-04-22,0.831
2017-04-23,0.853
2017-04-25,0.809
2017-04-28,0.847
2017-04-29,0.859
2017-05-06,0.804
2017-05-07,0.882
2017-05-08,0.837
2017-05-09,0.828
2017-05-15,0.857
2017-05-16,0.863
2017-05-17,0.875
2017-05-21,0.864
2017-05-23,0.878
2017-05-24,0.854
2017-05-25,0.886
2017-05-26,0.901
2017-05-27,0.884
2017-05-28,0.893
2017-06-01,0.807
2017-06-07,0.892
2017-06-08,0.864
2017-06-10,0.882
2017-06-11,0.901
2017-06-12,0.900
2017-06-13,0.902
2017-06-14,0.843
2017-06-15,0.891
2017-06-16,0.872
2017-06-17,0.887
2017-06-18,0.909
2017-06-19,0.901
2017-06-21,0.882
2017-06-22,0.881
2017-06-23,0.853
2017-06-24,0.867
2017-06-26,0.871
2017-06-27,0.829
2017-07-02,0.881
2017-07-03,0.878
2017-07-04,0.863
2017-07-05,0.848
2017-07-06,0.850
2017-07-10,0.875
2017-07-12,0.845
2017-07-13,0.901
2017-07-14,0.821
2017-07-15,0.886
2017-07-16,0.851
2017-07-17,0.873
2017-07-18,0.795
2017-07-20,0.895
2017-07-24,0.899
2017-07-27,0.881
2017-07-31,0.848
2017-08-02,0.841
2017-08-04,0.862
2017-08-05,0.864
2017-08-06,0.864
2017-08-07,0.873
2017-08-09,0.905
2017-08-10,0.858
2017-08-12,0.830
2017-08-13,0.855
2017-08-14,0.890
2017-08-15,0.859
2017-08-17,0.817
2017-08-18,0.860
2017-08-20,0.828
2017-08-21,0.841
2017-08-22,0.843
2017-08-30,0.828
2017-09-02,0.843
2017-09-04,0.842
2017-09-05,0.841
2017-09-07,0.844
2017-09-08,0.838
2017-09-13,0.827
2017-09-16,0.768
2017-09-17,0.829
2017-09-19,0.856
2017-09-20,0.831
2017-09-21,0.861
2017-09-24,0.818
2017-09-26,0.817
2017-10-04,0.799
2017-10-05,0.850
2017-10-06,0.866
2017-10-07,0.817
2017-10-08,0.826
2017-10-09,0.861
2017-10-10,0.847
2017-10-11,0.836
2017-10-12,0.825
2017-10-13,0.890
2017-10-15,0.803
2017-10-16,0.814
2017-10-17,0.889
2017-10-23,0.828
2017-10-24,0.816
2017-10-25,0.753
2017-10-26,0.715
2017-10-28,0.868
2017-10-29,0.747
2017-10-31,0.771
2017-11-01,0.675
2017-11-05,0.712
2017-11-07,0.728
2017-11-08,0.774
2017-11-10,0.694
2017-11-11,0.628
2017-11-12,0.772
2017-11-14,0.685
2017-11-15,0.709
2017-11-16,0.709
2017-11-18,0.688
2017-11-19,0.697
2017-11-20,0.663
2017-11-21,0.679
2017-11-22,0.662
2017-11-26,0.618
2017-11-27,0.676
2017-11-28,0.680
2017-12-03,0.651
2017-12-04,0.675
2017-12-05,0.668
2017-12-07,0.645
2017-12-13,0.655
2017-12-16,0.578
2017-12-19,0.637
2017-12-21,0.669
2017-12-23,0.633
2017-12-24,0.651
2017-12-28,0.651
2018-01-05,0.721
2018-01-09,0.671
2018-01-12,0.733
2018-01-15,0.716
2018-01-16,0.710
2018-01-18,0.656
2018-01-22,0.648
2018-01-23,0.636
2018-01-24,0.681
2018-01-28,0.663
2018-01-29,0.644
2018-01-30,0.665
2018-02-07,0.654
2018-02-09,0.587
2018-02-15,0.552
2018-02-18,0.675
2018-02-23,0.674
2018-02-25,0.678
2018-02-26,0.602
2018-02-27,0.658
2018-03-02,0.646
2018-03-03,0.629
2018-03-06,0.507
2018-03-11,0.525
2018-03-14,0.598
2018-03-19,0.634
2018-03-28,0.614
2018-04-01,0.556
2018-04-04,0.594
2018-04-05,0.693
2018-04-06,0.554
2018-04-10,0.608
2018-04-17,0.612
2018-04-18,0.679
2018-04-19,0.654
2018-04-20,0.659
2018-04-21,0.736
2018-04-24,0.749
2018-04-25,0.743
2018-04-26,0.829
2018-04-27,0.837
2018-05-02,0.813
2018-05-11,0.852
2018-05-18,0.904
2018-05-19,0.938
2018-05-20,0.867
2018-05-26,0.837
2018-05-29,0.775
2018-06-14,0.864
2018-06-16,0.797
2018-06-18,0.842
2018-06-19,0.883
2018-06-20,0.881
2018-06-21,0.900
2018-06-23,0.906
2018-06-25,0.889
2018-06-26,0.893
2018-06-28,0.789
2018-06-29,0.898
2018-06-30,0.835
2018-07-01,0.878
2018-07-04,0.876
2018-07-05,0.777
2018-07-06,0.894
2018-07-07,0.879
2018-07-08,0.883
2018-07-09,0.879
2018-07-11,0.897
2018-07-12,0.878
2018-07-13,0.861
2018-07-14,0.806
2018-07-15,0.889
2018-07-17,0.888
2018-07-18,0.855
2018-07-19,0.874
2018-07-23,0.872
2018-07-24,0.891
2018-07-25,0.883
2018-07-26,0.897
2018-07-27,0.860
2018-07-29,0.874
2018-07-30,0.884
2018-07-31,0.900
2018-08-01,0.888
2018-08-02,0.861
2018-08-03,0.879
2018-08-04,0.894
2018-08-05,0.864
2018-08-06,0.889
2018-08-07,0.845
2018-08-10,0.896
2018-08-11,0.897
2018-08-12,0.892
2018-08-15,0.877
2018-08-16,0.850
2018-08-18,0.826
2018-08-19,0.892
2018-08-21,0.883
2018-08-22,0.863
2018-08-23,0.892
2018-08-24,0.823
2018-08-25,0.866
2018-08-26,0.867
2018-08-27,0.879
2018-09-02,0.872
2018-09-04,0.864
2018-09-06,0.832
2018-09-11,0.874
2018-09-12,0.831
2018-09-13,0.863
2018-09-14,0.836
2018-09-16,0.872
2018-09-19,0.917
2018-09-20,0.899
2018-09-22,0.841
2018-09-23,0.893
2018-09-25,0.873
2018-09-27,0.869
2018-09-28,0.858
2018-09-29,0.867
2018-10-02,0.835
2018-10-03,0.851
2018-10-04,0.880
2018-10-05,0.850
2018-10-06,0.871
2018-10-07,0.861
2018-10-21,0.846
2018-10-22,0.844
2018-10-23,0.862
2018-10-24,0.844
2018-10-25,0.866
2018-11-03,0.835
2018-11-06,0.817
2018-11-10,0.755
2018-11-22,0.756
2018-11-24,0.794
2018-11-27,0.719
2018-12-08,0.640
2018-12-11,0.644
2018-12-17,0.697
2018-12-22,0.657
2018-12-25,0.637
2018-12-29,0.663
2018-12-30,0.714
2018-12-31,0.617
2019-01-01,0.699
2019-01-02,0.705
2019-01-03,0.641
2019-01-05,0.605
2019-01-07,0.658
2019-01-14,0.660
2019-01-24,0.647
2019-01-26,0.570
2019-01-30,0.638
2019-02-04,0.623
2019-02-06,0.637
2019-02-08,0.600
2019-02-09,0.701
2019-02-11,0.595
2019-02-12,0.658
2019-02-13,0.630
2019-02-14,0.705
2019-02-15,0.623
2019-02-17,0.659
2019-02-18,0.576
2019-02-20,0.660
2019-02-21,0.691
2019-02-22,0.611
2019-02-23,0.674
2019-02-24,0.632
2019-02-25,0.664
2019-02-26,0.669
2019-02-27,0.614
2019-02-28,0.704
2019-03-01,0.578
2019-03-03,0.607
2019-03-05,0.608
2019-03-08,0.668
2019-03-11,0.656
2019-03-12,0.615
2019-03-13,0.589
2019-03-15,0.595
2019-03-20,0.587
2019-03-21,0.657
2019-03-22,0.617
2019-03-24,0.583
2019-03-25,0.673
2019-03-26,0.554
2019-03-27,0.673
2019-03-28,0.603
2019-03-29,0.589
2019-04-08,0.703
2019-04-09,0.722
2019-04-12,0.681
2019-04-13,0.659
2019-04-24,0.789
2019-04-29,0.790
2019-04-30,0.798
2019-05-01,0.813
2019-05-04,0.871
2019-05-05,0.815
2019-05-06,0.823
2019-05-12,0.829
2019-05-13,0.836
2019-05-14,0.843
2019-05-15,0.856
2019-05-16,0.859
2019-05-20,0.855
2019-05-23,0.894
2019-05-29,0.865
2019-05-30,0.854
2019-05-31,0.879
2019-06-01,0.895
2019-06-02,0.905
2019-06-05,0.849
2019-06-08,0.877
2019-06-10,0.863
2019-06-13,0.860
2019-06-16,0.865
2019-06-17,0.874
2019-06-18,0.885
2019-06-23,0.897
2019-06-24,0.780
2019-06-25,0.790
2019-06-26,0.832
2019-06-27,0.832
2019-06-28,0.855
2019-06-29,0.781
2019-06-30,0.857
2019-07-02,0.862
2019-07-03,0.878
2019-07-04,0.888
2019-07-05,0.851
2019-07-06,0.825
2019-07-07,0.858
2019-07-10,0.875
2019-07-11,0.873
2019-07-12,0.885
2019-07-15,0.895
2019-07-16,0.848
2019-07-17,0.914
2019-07-18,0.900
2019-07-19,0.877
2019-07-23,0.828
2019-07-25,0.874
2019-07-28,0.871
2019-07-29,0.875
2019-07-30,0.884
2019-07-31,0.842
2019-08-01,0.848
2019-08-02,0.870
2019-08-03,0.873
2019-08-04,0.885
2019-08-05,0.842
2019-08-08,0.875
2019-08-09,0.790
2019-08-11,0.858
2019-08-13,0.882
2019-08-14,0.868
2019-08-16,0.856
2019-08-17,0.869
2019-08-18,0.882
2019-08-22,0.864
2019-08-23,0.804
2019-08-24,0.872
2019-08-25,0.851
2019-08-26,0.869
2019-08-29,0.835
2019-08-30,0.820
2019-08-31,0.855
2019-09-03,0.847
2019-09-04,0.851
2019-09-05,0.857
2019-09-06,0.826
2019-09-07,0.863
2019-09-09,0.861
2019-09-12,0.864
2019-09-16,0.821
2019-09-18,0.806
2019-09-23,0.883
2019-09-24,0.841
2019-09-26,0.874
2019-09-27,0.849
2019-09-29,0.882
2019-09-30,0.870
2019-10-01,0.867
2019-10-04,0.862
2019-10-08,0.876
2019-10-11,0.851
2019-10-15,0.858
2019-10-24,0.821
2019-10-25,0.868
2019-10-26,0.897
2019-10-29,0.844
2019-10-30,0.812
2019-11-05,0.871
2019-11-06,0.836
2019-11-09,0.820
2019-11-11,0.865
2019-11-12,0.801
2019-11-16,0.799
2019-11-23,0.730
2019-11-24,0.672
2019-11-25,0.718
2019-11-26,0.709
2019-11-29,0.672
2019-12-02,0.662
2019-12-07,0.623
2019-12-08,0.638
2019-12-09,0.645
2019-12-15,0.729
2019-12-22,0.586
2019-12-23,0.632
2019-12-24,0.584
2019-12-25,0.624
2019-12-28,0.605
2020-01-01,0.673
2020-01-04,0.559
2020-01-05,0.684
2020-01-08,0.639
2020-01-09,0.718
2020-01-11,0.713
2020-01-12,0.676
2020-01-14,0.554
2020-01-17,0.659
2020-01-28,0.648
2020-01-29,0.638
2020-01-31,0.624
2020-02-05,0.652
2020-02-09,0.711
2020-02-18,0.615
2020-02-19,0.624
2020-02-20,0.656
2020-02-21,0.600
2020-02-22,0.663
2020-02-23,0.608
2020-02-29,0.612
2020-03-08,0.620
2020-03-14,0.632
2020-03-19,0.596
2020-03-20,0.715
2020-03-29,0.696
2020-04-03,0.730
2020-04-04,0.622
2020-04-05,0.703
2020-04-06,0.647
2020-04-09,0.682
2020-04-10,0.760
2020-04-14,0.787
2020-05-04,0.887
2020-05-06,0.885
2020-05-07,0.880
2020-05-08,0.867
2020-05-17,0.869
2020-05-18,0.887
2020-05-19,0.871
2020-05-20,0.889
2020-05-22,0.892
2020-05-25,0.913
2020-05-26,0.882
2020-05-27,0.928
2020-05-29,0.878
2020-06-08,0.955
2020-06-12,0.909
2020-06-14,0.810
2020-06-20,0.879
2020-06-21,0.891
2020-06-22,0.792
2020-06-24,0.890
2020-06-25,0.841
2020-06-27,0.884
2020-06-30,0.927
2020-07-01,0.782
2020-07-03,0.894
2020-07-04,0.901
2020-07-05,0.904
2020-07-07,0.881
2020-07-08,0.843
2020-07-09,0.824
2020-07-11,0.883
2020-07-17,0.881
2020-07-18,0.865
2020-07-19,0.873
2020-07-20,0.904
2020-07-21,0.887
2020-07-22,0.869
2020-07-23,0.851
2020-07-24,0.880
2020-07-25,0.816
2020-07-26,0.908
2020-07-27,0.853
2020-07-29,0.859
2020-07-30,0.879
2020-08-01,0.863
2020-08-02,0.858
2020-08-03,0.855
2020-08-04,0.861
2020-08-05,0.851
2020-08-06,0.861
2020-08-07,0.880
2020-08-09,0.871
2020-08-10,0.838
2020-08-14,0.858
2020-08-15,0.868
2020-08-19,0.869
2020-08-20,0.850
2020-08-21,0.855
2020-08-22,0.871
2020-08-24,0.867
2020-08-25,0.838
2020-08-26,0.845
2020-08-27,0.878
2020-08-30,0.867
2020-08-31,0.875
2020-09-02,0.874
2020-09-03,0.887
2020-09-04,0.837
2020-09-05,0.889
2020-09-12,0.837
2020-09-13,0.849
2020-09-14,0.867
2020-09-15,0.870
2020-09-16,0.875
2020-09-23,0.780
2020-09-25,0.872
2020-09-26,0.825
2020-09-29,0.799
2020-09-30,0.843
2020-10-08,0.848
2020-10-12,0.897
2020-10-16,0.841
2020-10-17,0.846
2020-10-18,0.849
2020-10-23,0.735
2020-10-24,0.767
2020-10-26,0.832
2020-10-30,0.811
2020-11-01,0.852
2020-11-08,0.749
2020-11-10,0.717
2020-11-11,0.797
2020-11-12,0.662
2020-11-15,0.625
2020-11-17,0.731
2020-11-18,0.723
2020-11-20,0.658
2020-11-21,0.702
2020-11-22,0.687
2020-11-23,0.695
2020-11-25,0.659
2020-11-29,0.743
2020-11-30,0.734
2020-12-02,0.713
2020-12-03,0.681
2020-12-09,0.661
2020-12-13,0.691
2020-12-21,0.729
2020-12-25,0.640
2020-12-26,0.708
2020-12-29,0.670
2021-01-06,0.572
2021-01-08,0.606
2021-01-14,0.718
2021-01-15,0.633
2021-01-18,0.667
2021-01-19,0.647
2021-01-24,0.641
2021-01-31,0.639
2021-02-02,0.673
2021-02-11,0.625
2021-02-17,0.685
2021-02-20,0.543
2021-02-24,0.645
2021-02-25,0.623
2021-02-27,0.612
2021-03-05,0.701
2021-03-09,0.670
2021-03-10,0.667
2021-03-11,0.592
2021-03-24,0.612
2021-03-25,0.681
2021-03-28,0.693
2021-03-29,0.561
2021-03-30,0.690
2021-03-31,0.603
2021-04-01,0.671
2021-04-03,0.622
2021-04-05,0.610
2021-04-07,0.613
2021-04-08,0.671
2021-04-12,0.640
2021-04-13,0.689
2021-04-14,0.638
2021-04-15,0.751
2021-04-16,0.660
2021-04-18,0.711
2021-04-19,0.681
2021-04-23,0.708
2021-04-24,0.768
2021-05-04,0.840
2021-05-08,0.886
2021-05-13,0.894
2021-05-14,0.895
2021-05-24,0.879
2021-05-27,0.884
2021-05-29,0.888
2021-06-03,0.900
2021-06-05,0.894
2021-06-07,0.883
2021-06-08,0.900
2021-06-09,0.889
2021-06-12,0.893
2021-06-13,0.890
2021-06-15,0.903
2021-06-16,0.829
2021-06-21,0.890
2021-06-24,0.975
2021-06-25,0.877
2021-06-30,0.876
2021-07-01,0.917
2021-07-02,0.859
2021-07-03,0.891
2021-07-05,0.877
2021-07-08,0.884
2021-07-09,0.875
2021-07-10,0.904
2021-07-14,0.865
2021-07-15,0.865
2021-07-16,0.897
2021-07-17,0.903
2021-07-18,0.791
2021-07-19,0.881
2021-07-20,0.922
2021-07-21,0.869
2021-07-22,0.872
2021-07-23,0.827
2021-07-25,0.763
2021-07-29,0.839
2021-08-09,0.882
2021-08-13,0.855
2021-08-15,0.807
2021-08-16,0.877
2021-08-17,0.849
2021-08-18,0.894
2021-08-19,0.859
2021-08-20,0.874
2021-08-21,0.859
2021-08-23,0.908
2021-08-26,0.849
2021-08-27,0.871
2021-08-28,0.896
2021-08-29,0.830
2021-08-31,0.855
2021-09-05,0.859
2021-09-15,0.843
2021-09-19,0.903
2021-09-23,0.821
2021-09-25,0.865
2021-10-07,0.798
2021-10-08,0.910
2021-10-11,0.823
2021-10-13,0.846
2021-10-14,0.870
2021-10-16,0.845
2021-10-18,0.853
2021-10-20,0.832
2021-10-22,0.798
2021-10-23,0.809
2021-10-26,0.841
2021-10-27,0.777
2021-11-05,0.754
2021-11-06,0.765
2021-11-07,0.721
2021-11-08,0.755
2021-11-13,0.703
2021-11-18,0.709
2021-11-19,0.658
2021-11-28,0.636
2021-11-30,0.663
2021-12-01,0.669
2021-12-02,0.605
2021-12-03,0.601
2021-12-11,0.594
2021-12-12,0.611
2021-12-14,0.639
2021-12-15,0.644
2021-12-17,0.636
2021-12-18,0.692
2021-12-19,0.670
2021-12-31,0.695
2022-01-06,0.618
2022-01-08,0.649
2022-01-12,0.669
2022-01-13,0.593
2022-01-15,0.643
2022-01-16,0.672
2022-01-17,0.637
2022-01-18,0.690
2022-01-20,0.652
2022-01-22,0.618
2022-01-23,0.656
2022-01-24,0.672
2022-01-26,0.663
2022-01-27,0.662
2022-01-29,0.609
2022-02-01,0.661
2022-02-02,0.653
2022-02-03,0.584
2022-02-05,0.630
2022-02-07,0.613
2022-02-09,0.634
2022-02-10,0.653
2022-02-12,0.669
2022-02-21,0.631
2022-02-23,0.591
2022-02-26,0.631
2022-03-06,0.634
2022-03-08,0.727
2022-03-31,0.664
2022-04-03,0.579
2022-04-04,0.733
2022-04-05,0.621
2022-04-16,0.661
2022-04-17,0.688
2022-04-22,0.741
2022-04-26,0.774
2022-05-07,0.775
2022-05-08,0.830
2022-05-09,0.855
2022-05-10,0.871
2022-05-11,0.916
2022-05-12,0.881
2022-05-13,0.944
2022-05-14,0.820
2022-05-17,0.902
2022-05-19,0.890
2022-05-21,0.849
2022-05-23,0.832
2022-05-26,0.886
2022-05-28,0.872
2022-05-29,0.883
2022-05-31,0.901
2022-06-01,0.902
2022-06-04,0.856
2022-06-05,0.843
2022-06-06,0.880
2022-06-09,0.872
2022-06-10,0.886
2022-06-11,0.896
2022-06-12,0.927
2022-06-13,0.855
2022-06-20,0.804
2022-06-23,0.916
2022-06-25,0.936
2022-06-27,0.873
2022-06-28,0.861
2022-06-29,0.870
2022-07-02,0.880
2022-07-03,0.846
2022-07-04,0.829
2022-07-05,0.828
2022-07-07,0.868
2022-07-08,0.835
2022-07-09,0.889
2022-07-10,0.848
2022-07-11,0.874
2022-07-12,0.874
2022-07-13,0.866
2022-07-14,0.910
2022-07-15,0.850
2022-07-16,0.856
2022-07-17,0.836
2022-07-18,0.879
2022-07-19,0.872
2022-07-20,0.860
2022-07-21,0.849
2022-07-22,0.846
2022-07-23,0.899
2022-07-24,0.820
2022-07-26,0.905
2022-07-27,0.820
2022-07-30,0.811
2022-07-31,0.820
2022-08-01,0.866
2022-08-02,0.816
2022-08-03,0.853
2022-08-05,0.861
2022-08-06,0.823
2022-08-07,0.831
2022-08-08,0.814
2022-08-09,0.811
2022-08-10,0.846
2022-08-12,0.841
2022-08-13,0.788
2022-08-16,0.802
2022-08-19,0.827
2022-08-20,0.835
2022-08-21,0.815
2022-08-22,0.815
2022-08-24,0.846
2022-08-26,0.858
2022-08-27,0.792
2022-08-28,0.855
2022-08-29,0.823
2022-08-30,0.827
2022-09-01,0.818
2022-09-06,0.745
2022-09-07,0.829
2022-09-10,0.795
2022-09-11,0.843
2022-09-12,0.712
2022-09-13,0.739
2022-09-15,0.804
2022-09-17,0.809
2022-09-18,0.833
2022-09-20,0.832
2022-09-21,0.786
2022-10-02,0.821
2022-10-04,0.853
2022-10-05,0.830
2022-10-31,0.731
2022-11-01,0.894
2022-11-05,0.789
2022-11-06,0.770
2022-11-07,0.802
2022-11-10,0.829
2022-11-11,0.757
2022-11-22,0.763
2022-11-30,0.726
2022-12-04,0.758
2022-12-05,0.710
2022-12-09,0.784
2022-12-21,0.687
2022-12-27,0.605
2022-12-29,0.639
2023-01-04,0.695
2023-01-05,0.643
2023-01-06,0.668
2023-01-07,0.604
2023-01-10,0.622
2023-01-18,0.459
2023-01-22,0.499
2023-01-29,0.519
2023-01-31,0.655
2023-02-02,0.696
2023-02-03,0.593
2023-02-05,0.650
2023-02-10,0.653
2023-02-12,0.708
2023-02-13,0.595
2023-02-16,0.696
2023-02-17,0.633
2023-02-18,0.628
2023-02-19,0.596
2023-02-20,0.567
2023-03-01,0.638
2023-03-04,0.599
2023-03-06,0.611
2023-03-12,0.628
2023-03-14,0.604
2023-03-16,0.528
2023-03-20,0.642
2023-03-22,0.496
2023-03-28,0.559
2023-03-30,0.579
2023-04-05,0.679
2023-04-07,0.619
2023-04-08,0.643
2023-04-13,0.710
2023-04-17,0.723
2023-04-18,0.692
2023-04-20,0.724
2023-04-27,0.747
2023-05-02,0.790
2023-05-03,0.826
2023-05-04,0.873
2023-05-08,0.874
2023-05-10,0.801
2023-05-11,0.853
2023-05-12,0.917
2023-05-17,0.835
2023-05-20,0.818
2023-05-23,0.861
2023-05-26,0.751
2023-05-27,0.840
2023-05-28,0.799
2023-05-30,0.841
2023-06-12,0.910
2023-06-15,0.846
2023-06-16,0.938
2023-06-17,0.822
2023-06-22,0.822
2023-06-23,0.881
2023-06-24,0.852
2023-06-25,0.861
2023-06-26,0.830
2023-06-27,0.784
2023-06-30,0.861
2023-07-02,0.878
2023-07-03,0.919
2023-07-04,0.879
2023-07-07,0.846
2023-07-08,0.822
2023-07-09,0.810
2023-07-10,0.834
2023-07-14,0.841
2023-07-15,0.825
2023-07-17,0.756
2023-07-18,0.756
2023-07-20,0.753
2023-07-21,0.807
2023-07-22,0.908
2023-07-23,0.806
2023-07-24,0.816
2023-07-26,0.835
2023-07-27,0.864
2023-07-28,0.834
2023-07-31,0.842
2023-08-05,0.846
2023-08-06,0.810
2023-08-07,0.836
2023-08-08,0.841
2023-08-09,0.837
2023-08-11,0.813
2023-08-12,0.861
2023-08-13,0.858
2023-08-14,0.788
2023-08-15,0.815
2023-08-16,0.771
2023-08-17,0.758
2023-08-20,0.829
2023-08-21,0.828
2023-08-22,0.827
2023-08-23,0.801
2023-08-24,0.829
2023-09-01,0.835
2023-09-06,0.838
2023-09-07,0.798
2023-09-08,0.829
2023-09-09,0.781
2023-09-10,0.807
2023-09-13,0.877
2023-09-14,0.800
2023-09-19,0.791
2023-09-23,0.790
2023-09-24,0.827
2023-09-25,0.854
2023-09-26,0.832
2023-09-27,0.833
2023-09-28,0.823
2023-09-29,0.831
2023-09-30,0.849
2023-10-01,0.832
2023-10-02,0.824
2023-10-04,0.828
2023-10-06,0.794
2023-10-07,0.846
2023-10-08,0.780
2023-10-09,0.834
2023-10-10,0.805
2023-10-11,0.843
2023-10-13,0.805
2023-10-14,0.756
2023-10-20,0.805
2023-10-25,0.806
2023-10-28,0.829
2023-10-31,0.853
2023-11-01,0.773
2023-11-03,0.769
2023-11-05,0.806
2023-11-08,0.781
2023-11-11,0.806
2023-11-12,0.791
2023-11-19,0.745
2023-11-20,0.714
2023-11-23,0.691
2023-11-24,0.668
2023-11-25,0.737
2023-11-26,0.732
2023-12-03,0.604
2023-12-05,0.622
2023-12-06,0.699
2023-12-17,0.609
2023-12-18,0.695
2023-12-19,0.637
2023-12-22,0.592
2023-12-23,0.697
2023-12-24,0.599
2023-12-25,0.664
2023-12-26,0.639
2023-12-27,0.644
2023-12-30,0.684
2024-01-08,0.612
2024-01-09,0.658
2024-01-12,0.678
2024-01-18,0.641
2024-01-20,0.590
2024-01-21,0.694
2024-01-22,0.609
2024-01-24,0.590
2024-01-25,0.628
2024-01-26,0.732
2024-02-03,0.597
2024-02-04,0.623
2024-02-05,0.666
2024-02-11,0.577
2024-02-13,0.570
2024-02-14,0.586
2024-02-17,0.635
2024-02-18,0.518
2024-02-20,0.579
2024-02-23,0.589
2024-02-29,0.608
2024-03-01,0.556
2024-03-04,0.563
2024-03-06,0.539
2024-03-10,0.628
2024-03-13,0.572
2024-03-16,0.583
2024-03-17,0.677
2024-03-18,0.589
2024-03-19,0.611
2024-03-27,0.621
2024-04-01,0.626
2024-04-11,0.655
2024-04-12,0.670
2024-04-13,0.682
2024-04-14,0.704
2024-04-19,0.772
2024-04-20,0.798
2024-04-21,0.756
2024-04-22,0.779
2024-04-24,0.788
2024-04-25,0.822
2024-05-08,0.826
2024-05-09,0.830
2024-05-10,0.797
2024-05-11,0.826
2024-05-13,0.828
2024-05-17,0.812
2024-05-28,0.817
2024-05-31,0.871
2024-06-01,0.846
2024-06-03,0.826
2024-06-05,0.854
2024-06-06,0.833
2024-06-13,0.824
2024-06-14,0.861
2024-06-16,0.843
2024-06-17,0.895
2024-06-18,0.788
2024-06-24,0.858
2024-06-25,0.825
2024-07-02,0.818
2024-07-03,0.836
2024-07-04,0.896
2024-07-05,0.820
2024-07-08,0.843
2024-07-09,0.793
2024-07-10,0.797
2024-07-11,0.871
2024-07-12,0.866
2024-07-14,0.882
2024-07-17,0.800
2024-07-18,0.873
2024-07-20,0.833
2024-07-22,0.825
2024-07-23,0.854
2024-07-24,0.830
2024-07-25,0.862
2024-07-26,0.878
2024-07-27,0.818
2024-07-29,0.798
2024-07-31,0.746
2024-08-01,0.814
2024-08-02,0.859
2024-08-03,0.835
2024-08-04,0.858
2024-08-05,0.847
2024-08-06,0.837
2024-08-08,0.809
2024-08-09,0.858
2024-08-10,0.818
2024-08-11,0.845
2024-08-14,0.795
2024-08-15,0.840
2024-08-19,0.796
2024-08-20,0.836
2024-08-22,0.850
2024-08-23,0.817
2024-08-24,0.837
2024-08-26,0.839
2024-08-27,0.787
2024-08-28,0.850
2024-08-29,0.843
2024-09-02,0.824
2024-09-05,0.861
2024-09-07,0.780
2024-09-09,0.837
2024-09-10,0.855
2024-09-11,0.820
2024-09-14,0.828
2024-09-15,0.848
2024-09-17,0.830
2024-09-18,0.788
2024-09-19,0.824
2024-09-26,0.808
2024-09-28,0.851
2024-09-29,0.796
2024-09-30,0.854
2024-10-03,0.806
2024-10-19,0.650
2024-10-20,0.603
2024-11-03,0.787
2024-11-04,0.823
2024-11-11,0.770
2024-11-14,0.754
2024-11-17,0.688
2024-11-19,0.696
2024-11-22,0.702
2024-11-23,0.792
2024-11-27,0.682
2024-11-28,0.773
2024-12-16,0.643
2024-12-18,0.673
2024-12-23,0.584
2024-12-25,0.600
2024-12-27,0.708
2024-12-28,0.613
2024-12-29,0.632
2024-12-31,0.622
2025-01-08,0.705
2025-01-12,0.636
2025-01-13,0.664
2025-01-14,0.617
2025-01-15,0.659
2025-01-17,0.607
2025-01-18,0.647
2025-01-25,0.659
2025-01-28,0.551
2025-01-29,0.509
2025-01-30,0.567
2025-02-03,0.616
2025-02-04,0.592
2025-02-06,0.576
2025-02-26,0.542
2025-03-01,0.642
2025-03-17,0.673
2025-03-22,0.585
2025-03-28,0.559
2025-03-30,0.585
2025-03-31,0.707
2025-04-01,0.585
2025-04-06,0.602
2025-04-08,0.657
2025-04-11,0.618
2025-04-17,0.696
2025-04-18,0.682
2025-04-20,0.793
2025-04-23,0.713
2025-04-25,0.831
2025-04-29,0.776
2025-04-30,0.850
2025-05-03,0.765
2025-05-13,0.865
2025-05-16,0.860
2025-05-17,0.873
2025-05-21,0.835
2025-05-22,0.875
2025-05-24,0.885
2025-05-25,0.890
2025-05-26,0.853
2025-05-28,0.859
2025-05-29,0.870
2025-05-30,0.889
2025-05-31,0.854
2025-06-01,0.822
2025-06-06,0.897
2025-06-09,0.852
2025-06-10,0.834
2025-06-11,0.823
2025-06-16,0.878
2025-06-17,0.821
2025-06-18,0.894
2025-06-20,0.860
2025-06-21,0.875
2025-06-22,0.776
2025-06-23,0.843
2025-06-25,0.850
2025-06-26,0.882
2025-06-27,0.840
2025-06-28,0.899
2025-06-29,0.841
2025-06-30,0.869
2025-07-01,0.889
2025-07-02,0.837
2025-07-03,0.882
2025-07-04,0.840
2025-07-05,0.868
2025-07-08,0.901
2025-07-09,0.840
2025-07-10,0.867
2025-07-11,0.890
2025-07-13,0.969
2025-07-14,0.827
2025-07-15,0.893
2025-07-16,0.911
2025-07-17,0.848
2025-07-18,0.862
2025-07-20,0.875
2025-07-22,0.860
2025-07-26,0.852
2025-07-27,0.838
2025-07-28,0.893
2025-07-29,0.831
2025-07-30,0.887
2025-08-02,0.916
2025-08-03,0.834
2025-08-05,0.901
2025-08-06,0.862
2025-08-07,0.842
2025-08-09,0.781
2025-08-10,0.789
2025-08-11,0.825
2025-08-12,0.869
2025-08-13,0.826
2025-08-14,0.862
2025-08-15,0.847
2025-08-16,0.850
2025-08-17,0.794
2025-08-22,0.895
2025-08-23,0.833
2025-08-24,0.877
2025-08-29,0.873
2025-08-30,0.815
2025-08-31,0.844
2025-09-02,0.865
2025-09-03,0.886
2025-09-06,0.873
2025-09-15,0.863
2025-09-18,0.887
2025-09-19,0.831
2025-09-23,0.895
2025-09-24,0.813
2025-09-25,0.891
2025-09-27,0.852
2025-09-30,0.867
2025-10-01,0.876
2025-10-02,0.850
2025-10-05,0.866
2025-10-06,0.854
2025-10-07,0.821
2025-10-11,0.858
2025-10-20,0.890
2025-10-21,0.854
2025-10-25,0.806
2025-10-27,0.829
2025-10-28,0.850
2025-11-03,0.788
2025-11-04,0.818
2025-11-09,0.814
2025-11-15,0.738
2025-11-17,0.716
2025-11-18,0.717
2025-11-22,0.826
2025-11-26,0.730
2025-11-27,0.783
2025-11-29,0.718
2025-12-01,0.689
2025-12-05,0.824
2025-12-09,0.758
2026-01-04,0.619
2026-01-06,0.767
2026-01-08,0.606
2026-01-11,0.669
2026-01-23,0.671
2026-01-28,0.656
2026-01-30,0.676
2026-02-07,0.672
2026-02-11,0.562
2026-02-20,0.685
2026-02-21,0.601
2026-02-22,0.612
2026-02-24,0.634
2026-03-02,0.690
2026-03-13,0.633
2026-03-16,0.591
2026-03-17,0.653
2026-03-18,0.660
2026-03-20,0.744
2026-03-21,0.647
2026-03-22,0.639
2026-03-25,0.665
2026-04-04,0.785
2026-04-07,0.671
2026-04-08,0.694
2026-04-09,0.794
2026-04-10,0.696
2026-04-14,0.839
2026-04-15,0.762
2026-04-16,0.822
2026-04-17,0.789
2026-04-18,0.756
2026-04-19,0.858
2026-04-21,0.802
2026-04-24,0.853
2026-04-25,0.826
2026-04-26,0.870
