date,ndvi_final,ndvi_smooth,source
2016-01-08,0.567,0.569,MODIS_LM
2016-01-10,0.511,0.565,MODIS_LM
2016-01-12,0.634,0.559,MODIS_LM
2016-01-13,0.524,0.552,MODIS_LM
2016-01-17,0.542,0.544,MODIS_LM
2016-01-21,0.565,0.536,MODIS_LM
2016-02-01,0.558,0.527,MODIS_LM
2016-02-05,0.493,0.519,MODIS_LM
2016-02-08,0.501,0.510,MODIS_LM
2016-02-14,0.534,0.502,MODIS_LM
2016-02-16,0.499,0.494,MODIS_LM
2016-03-01,0.448,0.487,MODIS_LM
2016-03-02,0.377,0.477,MODIS_LM
2016-03-04,0.477,0.468,MODIS_LM
2016-03-05,0.565,0.462,MODIS_LM
2016-03-08,0.447,0.461,MODIS_LM
2016-03-10,0.444,0.463,MODIS_LM
2016-03-11,0.483,0.466,MODIS_LM
2016-03-12,0.525,0.471,MODIS_LM
2016-03-13,0.494,0.485,MODIS_LM
2016-03-22,0.430,0.504,MODIS_LM
2016-03-24,0.486,0.527,MODIS_LM
2016-03-26,0.467,0.550,MODIS_LM
2016-04-10,0.647,0.566,MODIS_LM
2016-04-12,0.579,0.587,MODIS_LM
2016-04-14,0.588,0.617,MODIS_LM
2016-04-15,0.643,0.644,MODIS_LM
2016-04-23,0.739,0.666,MODIS_LM
2016-04-24,0.742,0.691,MODIS_LM
2016-04-25,0.710,0.720,MODIS_LM
2016-05-01,0.759,0.748,MODIS_LM
2016-05-02,0.744,0.764,MODIS_LM
2016-05-04,0.729,0.783,MODIS_LM
2016-05-05,0.773,0.787,MODIS_LM
2016-05-16,0.816,0.805,MODIS_LM
2016-05-18,0.836,0.814,S2
2016-05-20,0.803,0.823,MODIS_LM
2016-05-21,0.860,0.825,MODIS_LM
2016-05-23,0.859,0.829,MODIS_LM
2016-05-24,0.861,0.845,MODIS_LM
2016-05-27,0.805,0.849,MODIS_LM
2016-06-03,0.856,0.854,MODIS_LM
2016-06-04,0.807,0.857,MODIS_LM
2016-06-06,0.893,0.856,MODIS_LM
2016-06-07,0.847,0.853,S2
2016-06-08,0.869,0.855,MODIS_LM
2016-06-10,0.805,0.859,MODIS_LM
2016-06-15,0.888,0.860,MODIS_LM
2016-06-19,0.948,0.858,MODIS_LM
2016-06-20,0.779,0.858,MODIS_LM
2016-06-22,0.850,0.858,MODIS_LM
2016-06-23,0.861,0.853,MODIS_LM
2016-06-24,0.860,0.855,MODIS_LM
2016-06-25,0.837,0.846,MODIS_LM
2016-06-26,0.891,0.842,MODIS_LM
2016-06-27,0.841,0.834,S2
2016-06-28,0.819,0.833,MODIS_LM
2016-06-29,0.778,0.834,MODIS_LM
2016-07-03,0.861,0.835,MODIS_LM
2016-07-04,0.834,0.843,MODIS_LM
2016-07-06,0.834,0.840,MODIS_LM
2016-07-07,0.849,0.841,S2
2016-07-08,0.769,0.847,MODIS_LM
2016-07-09,0.857,0.846,MODIS_LM
2016-07-10,0.870,0.843,MODIS_LM
2016-07-11,0.933,0.843,MODIS_LM
2016-07-12,0.887,0.842,MODIS_LM
2016-07-15,0.776,0.840,MODIS_LM
2016-07-16,0.843,0.836,MODIS_LM
2016-07-17,0.836,0.833,S2
2016-07-18,0.829,0.832,MODIS_LM
2016-07-19,0.830,0.827,MODIS_LM
2016-07-21,0.733,0.824,MODIS_LM
2016-07-24,0.815,0.819,MODIS_LM
2016-07-25,0.833,0.817,MODIS_LM
2016-07-26,0.848,0.818,MODIS_LM
2016-07-27,0.838,0.824,S2
2016-07-28,0.842,0.829,MODIS_LM
2016-07-29,0.794,0.826,MODIS_LM
2016-07-31,0.846,0.827,MODIS_LM
2016-08-01,0.811,0.827,MODIS_LM
2016-08-02,0.850,0.827,MODIS_LM
2016-08-03,0.866,0.829,MODIS_LM
2016-08-04,0.793,0.817,MODIS_LM
2016-08-05,0.815,0.814,MODIS_LM
2016-08-07,0.791,0.812,MODIS_LM
2016-08-08,0.812,0.812,MODIS_LM
2016-08-10,0.800,0.809,MODIS_LM
2016-08-11,0.798,0.809,MODIS_LM
2016-08-13,0.807,0.802,MODIS_LM
2016-08-14,0.812,0.801,MODIS_LM
2016-08-15,0.800,0.798,MODIS_LM
2016-08-19,0.785,0.799,MODIS_LM
2016-08-21,0.853,0.806,MODIS_LM
2016-08-23,0.793,0.807,MODIS_LM
2016-08-24,0.792,0.809,MODIS_LM
2016-08-25,0.785,0.810,MODIS_LM
2016-08-26,0.813,0.811,S2
2016-08-27,0.778,0.810,MODIS_LM
2016-08-30,0.848,0.810,MODIS_LM
2016-09-01,0.819,0.810,MODIS_LM
2016-09-02,0.829,0.805,MODIS_LM
2016-09-03,0.825,0.803,MODIS_LM
2016-09-05,0.776,0.794,S2
2016-09-06,0.805,0.796,MODIS_LM
2016-09-07,0.788,0.793,MODIS_LM
2016-09-11,0.771,0.788,MODIS_LM
2016-09-12,0.784,0.784,MODIS_LM
2016-09-13,0.784,0.782,MODIS_LM
2016-09-16,0.765,0.777,MODIS_LM
2016-09-18,0.735,0.781,MODIS_LM
2016-09-19,0.812,0.780,MODIS_LM
2016-09-22,0.759,0.782,MODIS_LM
2016-09-24,0.848,0.792,MODIS_LM
2016-09-25,0.778,0.797,MODIS_LM
2016-09-27,0.789,0.809,MODIS_LM
2016-09-28,0.821,0.816,MODIS_LM
2016-09-29,0.811,0.820,MODIS_LM
2016-09-30,0.818,0.821,MODIS_LM
2016-10-03,0.828,0.820,MODIS_LM
2016-10-04,0.788,0.820,MODIS_LM
2016-10-09,0.865,0.813,MODIS_LM
2016-10-10,0.882,0.814,MODIS_LM
2016-10-15,0.796,0.803,S2
2016-10-21,0.820,0.799,MODIS_LM
2016-10-27,0.717,0.793,MODIS_LM
2016-10-28,0.765,0.786,MODIS_LM
2016-10-29,0.748,0.777,MODIS_LM
2016-10-30,0.774,0.769,MODIS_LM
2016-10-31,0.794,0.760,MODIS_LM
2016-11-01,0.747,0.756,MODIS_LM
2016-11-02,0.768,0.746,MODIS_LM
2016-11-03,0.689,0.745,MODIS_LM
2016-11-06,0.774,0.742,MODIS_LM
2016-11-08,0.756,0.731,MODIS_LM
2016-11-12,0.717,0.722,MODIS_LM
2016-11-15,0.688,0.708,MODIS_LM
2016-11-16,0.733,0.690,MODIS_LM
2016-11-17,0.692,0.680,MODIS_LM
2016-11-30,0.702,0.670,MODIS_LM
2016-12-01,0.635,0.663,MODIS_LM
2016-12-02,0.643,0.654,MODIS_LM
2016-12-06,0.572,0.649,MODIS_LM
2016-12-07,0.607,0.637,MODIS_LM
2016-12-09,0.639,0.636,MODIS_LM
2016-12-10,0.653,0.633,MODIS_LM
2016-12-11,0.615,0.628,MODIS_LM
2016-12-13,0.707,0.620,MODIS_LM
2016-12-14,0.612,0.624,S2
2016-12-24,0.621,0.614,MODIS_LM
2016-12-27,0.621,0.607,MODIS_LM
2016-12-29,0.613,0.605,MODIS_LM
2016-12-30,0.590,0.604,MODIS_LM
2016-12-31,0.619,0.604,MODIS_LM
2017-01-01,0.539,0.599,MODIS_LM
2017-01-02,0.576,0.595,MODIS_LM
2017-01-03,0.571,0.586,S2
2017-01-04,0.607,0.581,MODIS_LM
2017-01-06,0.480,0.588,MODIS_LM
2017-01-07,0.658,0.578,MODIS_LM
2017-01-09,0.696,0.578,MODIS_LM
2017-01-11,0.594,0.579,MODIS_LM
2017-01-12,0.612,0.581,MODIS_LM
2017-01-17,0.484,0.583,MODIS_LM
2017-01-18,0.531,0.583,MODIS_LM
2017-01-19,0.536,0.582,MODIS_LM
2017-01-29,0.644,0.573,MODIS_LM
2017-02-03,0.570,0.576,MODIS_LM
2017-02-09,0.499,0.576,MODIS_LM
2017-02-17,0.666,0.559,MODIS_LM
2017-02-20,0.580,0.557,MODIS_LM
2017-02-21,0.571,0.557,MODIS_LM
2017-02-22,0.552,0.561,S2
2017-02-25,0.522,0.569,MODIS_LM
2017-02-26,0.576,0.563,MODIS_LM
2017-03-09,0.511,0.557,MODIS_LM
2017-03-10,0.638,0.546,MODIS_LM
2017-03-11,0.457,0.540,MODIS_LM
2017-03-14,0.496,0.536,S2
2017-03-15,0.589,0.522,MODIS_LM
2017-03-16,0.562,0.532,MODIS_LM
2017-03-17,0.629,0.536,MODIS_LM
2017-03-19,0.522,0.541,S2
2017-03-20,0.477,0.554,MODIS_LM
2017-03-25,0.511,0.563,MODIS_LM
2017-03-29,0.510,0.580,S2
2017-03-30,0.580,0.594,MODIS_LM
2017-04-06,0.657,0.619,MODIS_LM
2017-04-09,0.635,0.633,MODIS_LM
2017-04-11,0.730,0.649,MODIS_LM
2017-04-13,0.648,0.675,S2
2017-04-14,0.715,0.694,MODIS_LM
2017-04-16,0.771,0.721,MODIS_LM
2017-04-17,0.688,0.745,MODIS_LM
2017-04-18,0.764,0.755,S2
2017-04-19,0.747,0.764,MODIS_LM
2017-04-20,0.774,0.773,MODIS_LM
2017-04-21,0.791,0.780,MODIS_LM
2017-04-22,0.792,0.788,MODIS_LM
2017-04-23,0.804,0.792,S2
2017-04-25,0.764,0.803,MODIS_LM
2017-04-28,0.836,0.804,S2
2017-04-29,0.828,0.811,MODIS_LM
2017-05-06,0.757,0.819,MODIS_LM
2017-05-07,0.857,0.819,MODIS_LM
2017-05-08,0.858,0.824,S2
2017-05-09,0.788,0.827,MODIS_LM
2017-05-15,0.825,0.838,MODIS_LM
2017-05-16,0.833,0.839,MODIS_LM
2017-05-17,0.848,0.844,MODIS_LM
2017-05-21,0.834,0.846,MODIS_LM
2017-05-23,0.880,0.844,S2
2017-05-24,0.821,0.846,MODIS_LM
2017-05-25,0.862,0.849,MODIS_LM
2017-05-26,0.882,0.851,MODIS_LM
2017-05-27,0.860,0.853,MODIS_LM
2017-05-28,0.878,0.858,S2
2017-06-01,0.761,0.855,MODIS_LM
2017-06-07,0.876,0.853,S2
2017-06-08,0.834,0.852,MODIS_LM
2017-06-10,0.857,0.855,MODIS_LM
2017-06-11,0.882,0.855,MODIS_LM
2017-06-12,0.878,0.861,S2
2017-06-13,0.883,0.860,MODIS_LM
2017-06-14,0.807,0.861,MODIS_LM
2017-06-15,0.869,0.862,MODIS_LM
2017-06-16,0.845,0.862,MODIS_LM
2017-06-17,0.868,0.865,S2
2017-06-18,0.892,0.860,MODIS_LM
2017-06-19,0.882,0.862,MODIS_LM
2017-06-21,0.857,0.859,MODIS_LM
2017-06-22,0.856,0.855,MODIS_LM
2017-06-23,0.820,0.855,MODIS_LM
2017-06-24,0.838,0.850,MODIS_LM
2017-06-26,0.843,0.854,MODIS_LM
2017-06-27,0.860,0.845,S2
2017-07-02,0.870,0.843,S2
2017-07-03,0.852,0.836,MODIS_LM
2017-07-04,0.833,0.839,MODIS_LM
2017-07-05,0.814,0.835,MODIS_LM
2017-07-06,0.816,0.832,MODIS_LM
2017-07-10,0.848,0.831,MODIS_LM
2017-07-12,0.810,0.834,MODIS_LM
2017-07-13,0.882,0.834,MODIS_LM
2017-07-14,0.779,0.832,MODIS_LM
2017-07-15,0.862,0.831,MODIS_LM
2017-07-16,0.818,0.830,MODIS_LM
2017-07-17,0.867,0.832,S2
2017-07-18,0.746,0.832,MODIS_LM
2017-07-20,0.874,0.836,MODIS_LM
2017-07-24,0.879,0.840,MODIS_LM
2017-07-27,0.866,0.840,S2
2017-07-31,0.814,0.839,MODIS_LM
2017-08-02,0.805,0.838,MODIS_LM
2017-08-04,0.832,0.846,MODIS_LM
2017-08-05,0.834,0.841,MODIS_LM
2017-08-06,0.862,0.843,S2
2017-08-07,0.846,0.838,MODIS_LM
2017-08-09,0.887,0.840,MODIS_LM
2017-08-10,0.827,0.832,MODIS_LM
2017-08-12,0.791,0.830,MODIS_LM
2017-08-13,0.823,0.829,MODIS_LM
2017-08-14,0.868,0.827,MODIS_LM
2017-08-15,0.828,0.824,MODIS_LM
2017-08-17,0.774,0.819,MODIS_LM
2017-08-18,0.829,0.817,MODIS_LM
2017-08-20,0.788,0.818,MODIS_LM
2017-08-21,0.843,0.814,S2
2017-08-22,0.807,0.807,MODIS_LM
2017-08-30,0.788,0.806,MODIS_LM
2017-09-02,0.807,0.803,MODIS_LM
2017-09-04,0.806,0.801,MODIS_LM
2017-09-05,0.844,0.800,S2
2017-09-07,0.809,0.805,MODIS_LM
2017-09-08,0.801,0.802,MODIS_LM
2017-09-13,0.787,0.795,MODIS_LM
2017-09-16,0.711,0.797,MODIS_LM
2017-09-17,0.789,0.795,MODIS_LM
2017-09-19,0.824,0.794,MODIS_LM
2017-09-20,0.839,0.795,S2
2017-09-21,0.830,0.794,MODIS_LM
2017-09-24,0.775,0.794,MODIS_LM
2017-09-26,0.774,0.790,MODIS_LM
2017-10-04,0.751,0.794,MODIS_LM
2017-10-05,0.818,0.800,S2
2017-10-06,0.837,0.799,MODIS_LM
2017-10-07,0.774,0.804,MODIS_LM
2017-10-08,0.785,0.802,MODIS_LM
2017-10-09,0.830,0.802,MODIS_LM
2017-10-10,0.785,0.812,S2
2017-10-11,0.798,0.807,MODIS_LM
2017-10-12,0.784,0.814,MODIS_LM
2017-10-13,0.868,0.812,MODIS_LM
2017-10-15,0.813,0.814,S2
2017-10-16,0.770,0.805,MODIS_LM
2017-10-17,0.866,0.796,MODIS_LM
2017-10-23,0.788,0.783,MODIS_LM
2017-10-24,0.773,0.772,MODIS_LM
2017-10-25,0.777,0.763,S2
2017-10-26,0.643,0.742,MODIS_LM
2017-10-28,0.839,0.725,MODIS_LM
2017-10-29,0.684,0.707,MODIS_LM
2017-10-31,0.715,0.689,MODIS_LM
2017-11-01,0.592,0.679,MODIS_LM
2017-11-05,0.639,0.670,MODIS_LM
2017-11-07,0.660,0.655,MODIS_LM
2017-11-08,0.719,0.649,MODIS_LM
2017-11-10,0.616,0.641,MODIS_LM
2017-11-11,0.531,0.637,MODIS_LM
2017-11-12,0.716,0.629,MODIS_LM
2017-11-14,0.630,0.612,S2
2017-11-15,0.635,0.615,MODIS_LM
2017-11-16,0.635,0.608,MODIS_LM
2017-11-18,0.608,0.606,MODIS_LM
2017-11-19,0.557,0.597,S2
2017-11-20,0.576,0.589,MODIS_LM
2017-11-21,0.597,0.589,MODIS_LM
2017-11-22,0.575,0.588,MODIS_LM
2017-11-26,0.519,0.579,MODIS_LM
2017-11-27,0.593,0.566,MODIS_LM
2017-11-28,0.598,0.559,MODIS_LM
2017-12-03,0.561,0.558,MODIS_LM
2017-12-04,0.592,0.554,MODIS_LM
2017-12-05,0.583,0.558,MODIS_LM
2017-12-07,0.553,0.558,MODIS_LM
2017-12-13,0.566,0.558,MODIS_LM
2017-12-16,0.467,0.561,MODIS_LM
2017-12-19,0.543,0.572,S2
2017-12-21,0.584,0.582,MODIS_LM
2017-12-23,0.538,0.585,MODIS_LM
2017-12-24,0.667,0.589,S2
2017-12-28,0.561,0.596,MODIS_LM
2018-01-05,0.651,0.600,MODIS_LM
2018-01-09,0.587,0.604,MODIS_LM
2018-01-12,0.666,0.608,MODIS_LM
2018-01-15,0.644,0.614,MODIS_LM
2018-01-16,0.637,0.619,MODIS_LM
2018-01-18,0.564,0.602,S2
2018-01-22,0.557,0.589,MODIS_LM
2018-01-23,0.542,0.578,MODIS_LM
2018-01-24,0.599,0.569,MODIS_LM
2018-01-28,0.567,0.564,S2
2018-01-29,0.552,0.553,MODIS_LM
2018-01-30,0.579,0.550,MODIS_LM
2018-02-07,0.574,0.552,S2
2018-02-09,0.479,0.555,MODIS_LM
2018-02-15,0.434,0.548,MODIS_LM
2018-02-18,0.592,0.542,MODIS_LM
2018-02-23,0.590,0.535,MODIS_LM
2018-02-25,0.596,0.532,MODIS_LM
2018-02-26,0.498,0.523,MODIS_LM
2018-02-27,0.570,0.511,MODIS_LM
2018-03-02,0.554,0.512,MODIS_LM
2018-03-03,0.533,0.507,MODIS_LM
2018-03-06,0.376,0.504,MODIS_LM
2018-03-11,0.399,0.502,MODIS_LM
2018-03-14,0.519,0.493,S2
2018-03-19,0.534,0.481,S2
2018-03-28,0.513,0.476,MODIS_LM
2018-04-01,0.439,0.477,MODIS_LM
2018-04-04,0.488,0.486,MODIS_LM
2018-04-05,0.615,0.488,MODIS_LM
2018-04-06,0.436,0.502,MODIS_LM
2018-04-10,0.506,0.525,MODIS_LM
2018-04-17,0.511,0.550,MODIS_LM
2018-04-18,0.549,0.563,S2
2018-04-19,0.565,0.577,MODIS_LM
2018-04-20,0.571,0.610,MODIS_LM
2018-04-21,0.670,0.648,MODIS_LM
2018-04-24,0.687,0.690,MODIS_LM
2018-04-25,0.679,0.714,MODIS_LM
2018-04-26,0.789,0.744,MODIS_LM
2018-04-27,0.800,0.777,MODIS_LM
2018-05-02,0.769,0.791,MODIS_LM
2018-05-11,0.819,0.805,MODIS_LM
2018-05-18,0.886,0.814,MODIS_LM
2018-05-19,0.929,0.822,MODIS_LM
2018-05-20,0.838,0.827,MODIS_LM
2018-05-26,0.800,0.828,MODIS_LM
2018-05-29,0.720,0.839,MODIS_LM
2018-06-14,0.834,0.836,MODIS_LM
2018-06-16,0.748,0.834,MODIS_LM
2018-06-18,0.806,0.833,MODIS_LM
2018-06-19,0.859,0.833,MODIS_LM
2018-06-20,0.856,0.836,MODIS_LM
2018-06-21,0.880,0.829,MODIS_LM
2018-06-23,0.888,0.830,MODIS_LM
2018-06-25,0.866,0.838,MODIS_LM
2018-06-26,0.871,0.843,MODIS_LM
2018-06-28,0.738,0.844,MODIS_LM
2018-06-29,0.878,0.839,MODIS_LM
2018-06-30,0.797,0.843,MODIS_LM
2018-07-01,0.852,0.843,MODIS_LM
2018-07-04,0.850,0.836,MODIS_LM
2018-07-05,0.723,0.834,MODIS_LM
2018-07-06,0.873,0.835,MODIS_LM
2018-07-07,0.876,0.836,S2
2018-07-08,0.859,0.840,MODIS_LM
2018-07-09,0.853,0.843,MODIS_LM
2018-07-11,0.877,0.848,MODIS_LM
2018-07-12,0.876,0.842,S2
2018-07-13,0.830,0.848,MODIS_LM
2018-07-14,0.760,0.848,MODIS_LM
2018-07-15,0.866,0.850,MODIS_LM
2018-07-17,0.872,0.852,S2
2018-07-18,0.823,0.844,MODIS_LM
2018-07-19,0.847,0.847,MODIS_LM
2018-07-23,0.845,0.850,MODIS_LM
2018-07-24,0.869,0.850,MODIS_LM
2018-07-25,0.859,0.854,MODIS_LM
2018-07-26,0.877,0.857,MODIS_LM
2018-07-27,0.849,0.864,S2
2018-07-29,0.847,0.863,MODIS_LM
2018-07-30,0.860,0.856,MODIS_LM
2018-07-31,0.880,0.857,MODIS_LM
2018-08-01,0.872,0.859,S2
2018-08-02,0.830,0.857,MODIS_LM
2018-08-03,0.853,0.860,MODIS_LM
2018-08-04,0.873,0.856,MODIS_LM
2018-08-05,0.834,0.854,MODIS_LM
2018-08-06,0.866,0.854,MODIS_LM
2018-08-07,0.810,0.853,MODIS_LM
2018-08-10,0.875,0.856,MODIS_LM
2018-08-11,0.870,0.853,S2
2018-08-12,0.870,0.850,MODIS_LM
2018-08-15,0.851,0.849,MODIS_LM
2018-08-16,0.865,0.850,S2
2018-08-18,0.785,0.847,MODIS_LM
2018-08-19,0.870,0.849,MODIS_LM
2018-08-21,0.865,0.847,S2
2018-08-22,0.833,0.846,MODIS_LM
2018-08-23,0.870,0.844,MODIS_LM
2018-08-24,0.782,0.840,MODIS_LM
2018-08-25,0.837,0.836,MODIS_LM
2018-08-26,0.861,0.830,S2
2018-08-27,0.853,0.831,MODIS_LM
2018-09-02,0.845,0.833,MODIS_LM
2018-09-04,0.834,0.832,MODIS_LM
2018-09-06,0.793,0.827,MODIS_LM
2018-09-11,0.847,0.828,MODIS_LM
2018-09-12,0.792,0.831,MODIS_LM
2018-09-13,0.833,0.832,MODIS_LM
2018-09-14,0.798,0.837,MODIS_LM
2018-09-16,0.845,0.834,MODIS_LM
2018-09-19,0.902,0.832,MODIS_LM
2018-09-20,0.823,0.834,S2
2018-09-22,0.805,0.835,MODIS_LM
2018-09-23,0.871,0.837,MODIS_LM
2018-09-25,0.846,0.840,MODIS_LM
2018-09-27,0.841,0.839,MODIS_LM
2018-09-28,0.827,0.839,MODIS_LM
2018-09-29,0.838,0.836,MODIS_LM
2018-10-02,0.797,0.835,MODIS_LM
2018-10-03,0.818,0.830,MODIS_LM
2018-10-04,0.855,0.829,MODIS_LM
2018-10-05,0.831,0.836,S2
2018-10-06,0.843,0.835,MODIS_LM
2018-10-07,0.830,0.834,MODIS_LM
2018-10-21,0.811,0.829,MODIS_LM
2018-10-22,0.809,0.826,MODIS_LM
2018-10-23,0.832,0.816,MODIS_LM
2018-10-24,0.809,0.797,MODIS_LM
2018-10-25,0.811,0.779,S2
2018-11-03,0.797,0.757,MODIS_LM
2018-11-06,0.774,0.731,MODIS_LM
2018-11-10,0.694,0.703,MODIS_LM
2018-11-22,0.696,0.683,MODIS_LM
2018-11-24,0.593,0.656,S2
2018-11-27,0.648,0.632,MODIS_LM
2018-12-08,0.547,0.614,MODIS_LM
2018-12-11,0.552,0.601,MODIS_LM
2018-12-17,0.620,0.586,MODIS_LM
2018-12-22,0.569,0.575,MODIS_LM
2018-12-25,0.543,0.569,MODIS_LM
2018-12-29,0.565,0.573,S2
2018-12-30,0.642,0.572,MODIS_LM
2018-12-31,0.517,0.570,MODIS_LM
2019-01-01,0.622,0.571,MODIS_LM
2019-01-02,0.630,0.568,MODIS_LM
2019-01-03,0.555,0.562,S2
2019-01-05,0.502,0.559,MODIS_LM
2019-01-07,0.570,0.551,MODIS_LM
2019-01-14,0.572,0.550,MODIS_LM
2019-01-24,0.556,0.540,MODIS_LM
2019-01-26,0.457,0.537,MODIS_LM
2019-01-30,0.544,0.533,MODIS_LM
2019-02-04,0.525,0.541,MODIS_LM
2019-02-06,0.543,0.532,MODIS_LM
2019-02-08,0.495,0.530,MODIS_LM
2019-02-09,0.625,0.537,MODIS_LM
2019-02-11,0.489,0.538,MODIS_LM
2019-02-12,0.548,0.539,S2
2019-02-13,0.534,0.542,MODIS_LM
2019-02-14,0.630,0.547,MODIS_LM
2019-02-15,0.525,0.555,MODIS_LM
2019-02-17,0.540,0.549,S2
2019-02-18,0.465,0.559,MODIS_LM
2019-02-20,0.572,0.562,MODIS_LM
2019-02-21,0.612,0.564,MODIS_LM
2019-02-22,0.539,0.556,S2
2019-02-23,0.590,0.560,MODIS_LM
2019-02-24,0.536,0.558,MODIS_LM
2019-02-25,0.578,0.559,MODIS_LM
2019-02-26,0.584,0.557,MODIS_LM
2019-02-27,0.541,0.561,S2
2019-02-28,0.629,0.552,MODIS_LM
2019-03-01,0.467,0.548,MODIS_LM
2019-03-03,0.504,0.539,MODIS_LM
2019-03-05,0.506,0.528,MODIS_LM
2019-03-08,0.583,0.532,MODIS_LM
2019-03-11,0.567,0.520,MODIS_LM
2019-03-12,0.515,0.520,MODIS_LM
2019-03-13,0.481,0.515,MODIS_LM
2019-03-15,0.489,0.507,MODIS_LM
2019-03-20,0.479,0.504,MODIS_LM
2019-03-21,0.569,0.506,MODIS_LM
2019-03-22,0.517,0.522,MODIS_LM
2019-03-24,0.474,0.514,MODIS_LM
2019-03-25,0.589,0.513,MODIS_LM
2019-03-26,0.436,0.516,MODIS_LM
2019-03-27,0.589,0.529,MODIS_LM
2019-03-28,0.499,0.544,MODIS_LM
2019-03-29,0.520,0.565,S2
2019-04-08,0.628,0.586,MODIS_LM
2019-04-09,0.652,0.608,MODIS_LM
2019-04-12,0.599,0.628,MODIS_LM
2019-04-13,0.513,0.657,S2
2019-04-24,0.738,0.683,MODIS_LM
2019-04-29,0.739,0.704,MODIS_LM
2019-04-30,0.750,0.733,MODIS_LM
2019-05-01,0.769,0.748,MODIS_LM
2019-05-04,0.843,0.771,MODIS_LM
2019-05-05,0.771,0.786,MODIS_LM
2019-05-06,0.782,0.794,MODIS_LM
2019-05-12,0.789,0.806,MODIS_LM
2019-05-13,0.821,0.819,S2
2019-05-14,0.807,0.828,MODIS_LM
2019-05-15,0.824,0.821,MODIS_LM
2019-05-16,0.828,0.827,MODIS_LM
2019-05-20,0.823,0.831,MODIS_LM
2019-05-23,0.831,0.833,S2
2019-05-29,0.836,0.834,MODIS_LM
2019-05-30,0.821,0.839,MODIS_LM
2019-05-31,0.853,0.839,MODIS_LM
2019-06-01,0.874,0.848,MODIS_LM
2019-06-02,0.861,0.851,S2
2019-06-05,0.815,0.850,MODIS_LM
2019-06-08,0.851,0.840,MODIS_LM
2019-06-10,0.833,0.838,MODIS_LM
2019-06-13,0.829,0.840,MODIS_LM
2019-06-16,0.836,0.834,MODIS_LM
2019-06-17,0.847,0.823,S2
2019-06-18,0.861,0.819,MODIS_LM
2019-06-23,0.877,0.814,MODIS_LM
2019-06-24,0.726,0.815,MODIS_LM
2019-06-25,0.739,0.820,MODIS_LM
2019-06-26,0.793,0.819,MODIS_LM
2019-06-27,0.910,0.818,S2
2019-06-28,0.823,0.820,MODIS_LM
2019-06-29,0.728,0.820,MODIS_LM
2019-06-30,0.825,0.821,MODIS_LM
2019-07-02,0.914,0.827,S2
2019-07-03,0.852,0.832,MODIS_LM
2019-07-04,0.865,0.837,MODIS_LM
2019-07-05,0.818,0.848,MODIS_LM
2019-07-06,0.784,0.852,MODIS_LM
2019-07-07,0.864,0.847,S2
2019-07-10,0.848,0.845,MODIS_LM
2019-07-11,0.846,0.851,MODIS_LM
2019-07-12,0.867,0.852,S2
2019-07-15,0.874,0.847,MODIS_LM
2019-07-16,0.814,0.840,MODIS_LM
2019-07-17,0.856,0.845,S2
2019-07-18,0.880,0.846,MODIS_LM
2019-07-19,0.851,0.849,MODIS_LM
2019-07-23,0.788,0.851,MODIS_LM
2019-07-25,0.847,0.845,MODIS_LM
2019-07-28,0.843,0.851,MODIS_LM
2019-07-29,0.848,0.845,MODIS_LM
2019-07-30,0.860,0.841,MODIS_LM
2019-07-31,0.806,0.841,MODIS_LM
2019-08-01,0.897,0.841,S2
2019-08-02,0.842,0.838,MODIS_LM
2019-08-03,0.846,0.837,MODIS_LM
2019-08-04,0.861,0.840,MODIS_LM
2019-08-05,0.806,0.846,MODIS_LM
2019-08-08,0.848,0.839,MODIS_LM
2019-08-09,0.739,0.838,MODIS_LM
2019-08-11,0.872,0.835,S2
2019-08-13,0.857,0.835,MODIS_LM
2019-08-14,0.839,0.836,MODIS_LM
2019-08-16,0.848,0.829,S2
2019-08-17,0.841,0.831,MODIS_LM
2019-08-18,0.857,0.828,MODIS_LM
2019-08-22,0.834,0.826,MODIS_LM
2019-08-23,0.757,0.829,MODIS_LM
2019-08-24,0.845,0.824,MODIS_LM
2019-08-25,0.818,0.822,MODIS_LM
2019-08-26,0.841,0.812,MODIS_LM
2019-08-29,0.797,0.814,MODIS_LM
2019-08-30,0.778,0.816,MODIS_LM
2019-08-31,0.831,0.811,S2
2019-09-03,0.812,0.811,MODIS_LM
2019-09-04,0.818,0.809,MODIS_LM
2019-09-05,0.825,0.812,S2
2019-09-06,0.785,0.812,MODIS_LM
2019-09-07,0.833,0.808,MODIS_LM
2019-09-09,0.830,0.811,MODIS_LM
2019-09-12,0.834,0.814,MODIS_LM
2019-09-16,0.779,0.817,MODIS_LM
2019-09-18,0.760,0.821,MODIS_LM
2019-09-23,0.859,0.820,MODIS_LM
2019-09-24,0.805,0.827,MODIS_LM
2019-09-26,0.847,0.828,MODIS_LM
2019-09-27,0.815,0.826,MODIS_LM
2019-09-29,0.857,0.831,MODIS_LM
2019-09-30,0.843,0.831,S2
2019-10-01,0.838,0.832,MODIS_LM
2019-10-04,0.832,0.836,MODIS_LM
2019-10-08,0.850,0.837,MODIS_LM
2019-10-11,0.818,0.834,MODIS_LM
2019-10-15,0.843,0.833,S2
2019-10-24,0.779,0.836,MODIS_LM
2019-10-25,0.825,0.838,S2
2019-10-26,0.877,0.842,MODIS_LM
2019-10-29,0.809,0.834,MODIS_LM
2019-10-30,0.807,0.826,S2
2019-11-05,0.843,0.819,MODIS_LM
2019-11-06,0.798,0.805,MODIS_LM
2019-11-09,0.840,0.790,S2
2019-11-11,0.836,0.771,MODIS_LM
2019-11-12,0.753,0.745,MODIS_LM
2019-11-16,0.751,0.715,MODIS_LM
2019-11-23,0.662,0.693,MODIS_LM
2019-11-24,0.588,0.666,MODIS_LM
2019-11-25,0.647,0.643,MODIS_LM
2019-11-26,0.635,0.620,MODIS_LM
2019-11-29,0.550,0.599,S2
2019-12-02,0.575,0.578,MODIS_LM
2019-12-07,0.525,0.567,MODIS_LM
2019-12-08,0.544,0.551,MODIS_LM
2019-12-09,0.572,0.543,S2
2019-12-15,0.661,0.535,MODIS_LM
2019-12-22,0.477,0.536,MODIS_LM
2019-12-23,0.536,0.540,MODIS_LM
2019-12-24,0.565,0.549,S2
2019-12-25,0.526,0.553,MODIS_LM
2019-12-28,0.502,0.558,MODIS_LM
2020-01-01,0.589,0.561,MODIS_LM
2020-01-04,0.443,0.566,MODIS_LM
2020-01-05,0.603,0.564,MODIS_LM
2020-01-08,0.626,0.559,S2
2020-01-09,0.647,0.565,MODIS_LM
2020-01-11,0.640,0.577,MODIS_LM
2020-01-12,0.593,0.573,MODIS_LM
2020-01-14,0.436,0.575,MODIS_LM
2020-01-17,0.571,0.574,MODIS_LM
2020-01-28,0.582,0.573,S2
2020-01-29,0.544,0.566,MODIS_LM
2020-01-31,0.526,0.563,MODIS_LM
2020-02-05,0.562,0.547,MODIS_LM
2020-02-09,0.638,0.543,MODIS_LM
2020-02-18,0.515,0.532,MODIS_LM
2020-02-19,0.526,0.531,MODIS_LM
2020-02-20,0.567,0.531,MODIS_LM
2020-02-21,0.495,0.542,MODIS_LM
2020-02-22,0.557,0.534,S2
2020-02-23,0.506,0.540,MODIS_LM
2020-02-29,0.511,0.544,MODIS_LM
2020-03-08,0.540,0.542,S2
2020-03-14,0.536,0.540,MODIS_LM
2020-03-19,0.490,0.538,MODIS_LM
2020-03-20,0.643,0.552,MODIS_LM
2020-03-29,0.619,0.564,MODIS_LM
2020-04-03,0.662,0.583,MODIS_LM
2020-04-04,0.524,0.610,MODIS_LM
2020-04-05,0.628,0.632,MODIS_LM
2020-04-06,0.556,0.662,MODIS_LM
2020-04-09,0.601,0.688,MODIS_LM
2020-04-10,0.701,0.713,MODIS_LM
2020-04-14,0.735,0.738,MODIS_LM
2020-05-04,0.864,0.765,MODIS_LM
2020-05-06,0.861,0.783,MODIS_LM
2020-05-07,0.856,0.812,S2
2020-05-08,0.838,0.831,MODIS_LM
2020-05-17,0.841,0.857,MODIS_LM
2020-05-18,0.864,0.875,MODIS_LM
2020-05-19,0.843,0.887,MODIS_LM
2020-05-20,0.866,0.885,MODIS_LM
2020-05-22,0.887,0.887,S2
2020-05-25,0.897,0.879,MODIS_LM
2020-05-26,0.857,0.874,MODIS_LM
2020-05-27,0.884,0.871,S2
2020-05-29,0.852,0.865,MODIS_LM
2020-06-08,0.951,0.871,MODIS_LM
2020-06-12,0.892,0.863,MODIS_LM
2020-06-14,0.765,0.855,MODIS_LM
2020-06-20,0.853,0.849,MODIS_LM
2020-06-21,0.897,0.844,S2
2020-06-22,0.742,0.844,MODIS_LM
2020-06-24,0.868,0.845,MODIS_LM
2020-06-25,0.805,0.836,MODIS_LM
2020-06-27,0.860,0.835,MODIS_LM
2020-06-30,0.915,0.838,MODIS_LM
2020-07-01,0.729,0.837,MODIS_LM
2020-07-03,0.873,0.844,MODIS_LM
2020-07-04,0.882,0.847,MODIS_LM
2020-07-05,0.886,0.848,MODIS_LM
2020-07-07,0.856,0.855,MODIS_LM
2020-07-08,0.807,0.863,MODIS_LM
2020-07-09,0.783,0.863,MODIS_LM
2020-07-11,0.960,0.862,S2
2020-07-17,0.856,0.861,MODIS_LM
2020-07-18,0.836,0.861,MODIS_LM
2020-07-19,0.846,0.865,MODIS_LM
2020-07-20,0.886,0.855,MODIS_LM
2020-07-21,0.935,0.854,S2
2020-07-22,0.841,0.854,MODIS_LM
2020-07-23,0.818,0.854,MODIS_LM
2020-07-24,0.855,0.850,MODIS_LM
2020-07-25,0.773,0.845,MODIS_LM
2020-07-26,0.891,0.834,MODIS_LM
2020-07-27,0.820,0.838,MODIS_LM
2020-07-29,0.828,0.839,MODIS_LM
2020-07-30,0.853,0.835,MODIS_LM
2020-08-01,0.833,0.829,MODIS_LM
2020-08-02,0.827,0.830,MODIS_LM
2020-08-03,0.823,0.834,MODIS_LM
2020-08-04,0.830,0.838,MODIS_LM
2020-08-05,0.870,0.838,S2
2020-08-06,0.830,0.841,MODIS_LM
2020-08-07,0.855,0.837,MODIS_LM
2020-08-09,0.843,0.843,MODIS_LM
2020-08-10,0.801,0.842,MODIS_LM
2020-08-14,0.827,0.841,MODIS_LM
2020-08-15,0.871,0.842,S2
2020-08-19,0.841,0.843,MODIS_LM
2020-08-20,0.879,0.841,S2
2020-08-21,0.823,0.841,MODIS_LM
2020-08-22,0.843,0.840,MODIS_LM
2020-08-24,0.838,0.846,MODIS_LM
2020-08-25,0.849,0.847,S2
2020-08-26,0.810,0.847,MODIS_LM
2020-08-27,0.852,0.848,MODIS_LM
2020-08-30,0.852,0.844,S2
2020-08-31,0.848,0.848,MODIS_LM
2020-09-02,0.847,0.845,MODIS_LM
2020-09-03,0.864,0.845,MODIS_LM
2020-09-04,0.850,0.848,S2
2020-09-05,0.866,0.842,MODIS_LM
2020-09-12,0.800,0.836,MODIS_LM
2020-09-13,0.815,0.827,MODIS_LM
2020-09-14,0.852,0.824,S2
2020-09-15,0.842,0.818,MODIS_LM
2020-09-16,0.848,0.814,MODIS_LM
2020-09-23,0.726,0.819,MODIS_LM
2020-09-25,0.845,0.818,MODIS_LM
2020-09-26,0.784,0.810,MODIS_LM
2020-09-29,0.751,0.805,MODIS_LM
2020-09-30,0.807,0.797,MODIS_LM
2020-10-08,0.814,0.808,MODIS_LM
2020-10-12,0.877,0.802,MODIS_LM
2020-10-16,0.805,0.789,MODIS_LM
2020-10-17,0.811,0.788,MODIS_LM
2020-10-18,0.815,0.787,MODIS_LM
2020-10-23,0.669,0.774,MODIS_LM
2020-10-24,0.699,0.757,S2
2020-10-26,0.793,0.744,MODIS_LM
2020-10-30,0.766,0.721,MODIS_LM
2020-11-01,0.819,0.697,MODIS_LM
2020-11-08,0.554,0.677,S2
2020-11-10,0.646,0.659,MODIS_LM
2020-11-11,0.748,0.641,MODIS_LM
2020-11-12,0.575,0.625,MODIS_LM
2020-11-15,0.528,0.616,MODIS_LM
2020-11-17,0.664,0.618,MODIS_LM
2020-11-18,0.555,0.607,S2
2020-11-20,0.570,0.597,MODIS_LM
2020-11-21,0.626,0.592,MODIS_LM
2020-11-22,0.607,0.597,MODIS_LM
2020-11-23,0.586,0.606,S2
2020-11-25,0.571,0.601,MODIS_LM
2020-11-29,0.679,0.609,MODIS_LM
2020-11-30,0.667,0.620,MODIS_LM
2020-12-02,0.640,0.611,MODIS_LM
2020-12-03,0.540,0.604,S2
2020-12-09,0.574,0.603,MODIS_LM
2020-12-13,0.585,0.596,S2
2020-12-21,0.661,0.589,MODIS_LM
2020-12-25,0.547,0.585,MODIS_LM
2020-12-26,0.634,0.577,MODIS_LM
2020-12-29,0.585,0.569,MODIS_LM
2021-01-06,0.459,0.558,MODIS_LM
2021-01-08,0.503,0.566,MODIS_LM
2021-01-14,0.647,0.565,MODIS_LM
2021-01-15,0.538,0.566,MODIS_LM
2021-01-18,0.581,0.561,MODIS_LM
2021-01-19,0.556,0.549,MODIS_LM
2021-01-24,0.548,0.544,MODIS_LM
2021-01-31,0.545,0.547,MODIS_LM
2021-02-02,0.589,0.550,MODIS_LM
2021-02-11,0.563,0.557,S2
2021-02-17,0.605,0.556,MODIS_LM
2021-02-20,0.422,0.550,MODIS_LM
2021-02-24,0.553,0.549,MODIS_LM
2021-02-25,0.525,0.547,MODIS_LM
2021-02-27,0.511,0.546,MODIS_LM
2021-03-05,0.625,0.543,MODIS_LM
2021-03-09,0.585,0.543,MODIS_LM
2021-03-10,0.581,0.544,MODIS_LM
2021-03-11,0.485,0.543,MODIS_LM
2021-03-24,0.511,0.540,MODIS_LM
2021-03-25,0.599,0.541,MODIS_LM
2021-03-28,0.529,0.543,S2
2021-03-29,0.445,0.536,MODIS_LM
2021-03-30,0.611,0.529,MODIS_LM
2021-03-31,0.499,0.530,MODIS_LM
2021-04-01,0.587,0.526,MODIS_LM
2021-04-03,0.524,0.536,MODIS_LM
2021-04-05,0.508,0.544,MODIS_LM
2021-04-07,0.502,0.550,S2
2021-04-08,0.587,0.548,MODIS_LM
2021-04-12,0.539,0.549,S2
2021-04-13,0.610,0.563,MODIS_LM
2021-04-14,0.544,0.580,MODIS_LM
2021-04-15,0.689,0.595,MODIS_LM
2021-04-16,0.572,0.624,MODIS_LM
2021-04-18,0.638,0.648,MODIS_LM
2021-04-19,0.599,0.681,MODIS_LM
2021-04-23,0.634,0.710,MODIS_LM
2021-04-24,0.711,0.739,MODIS_LM
2021-05-04,0.803,0.762,MODIS_LM
2021-05-08,0.862,0.791,MODIS_LM
2021-05-13,0.873,0.813,MODIS_LM
2021-05-14,0.874,0.836,MODIS_LM
2021-05-24,0.853,0.850,MODIS_LM
2021-05-27,0.874,0.872,S2
2021-05-29,0.865,0.881,MODIS_LM
2021-06-03,0.880,0.882,MODIS_LM
2021-06-05,0.873,0.885,MODIS_LM
2021-06-07,0.859,0.883,MODIS_LM
2021-06-08,0.880,0.880,MODIS_LM
2021-06-09,0.866,0.879,MODIS_LM
2021-06-12,0.871,0.877,MODIS_LM
2021-06-13,0.868,0.877,MODIS_LM
2021-06-15,0.884,0.876,MODIS_LM
2021-06-16,0.861,0.874,S2
2021-06-21,0.871,0.871,S2
2021-06-24,0.977,0.870,MODIS_LM
2021-06-25,0.851,0.869,MODIS_LM
2021-06-30,0.850,0.867,MODIS_LM
2021-07-01,0.825,0.861,S2
2021-07-02,0.828,0.866,MODIS_LM
2021-07-03,0.869,0.860,MODIS_LM
2021-07-05,0.851,0.852,MODIS_LM
2021-07-08,0.860,0.848,MODIS_LM
2021-07-09,0.848,0.847,MODIS_LM
2021-07-10,0.886,0.848,MODIS_LM
2021-07-14,0.836,0.852,MODIS_LM
2021-07-15,0.836,0.856,MODIS_LM
2021-07-16,0.858,0.850,S2
2021-07-17,0.884,0.846,MODIS_LM
2021-07-18,0.741,0.838,MODIS_LM
2021-07-19,0.856,0.831,MODIS_LM
2021-07-20,0.909,0.830,MODIS_LM
2021-07-21,0.860,0.824,S2
2021-07-22,0.845,0.823,MODIS_LM
2021-07-23,0.787,0.820,MODIS_LM
2021-07-25,0.705,0.823,MODIS_LM
2021-07-29,0.802,0.820,MODIS_LM
2021-08-09,0.857,0.823,MODIS_LM
2021-08-13,0.823,0.825,MODIS_LM
2021-08-15,0.853,0.830,S2
2021-08-16,0.851,0.829,MODIS_LM
2021-08-17,0.815,0.832,MODIS_LM
2021-08-18,0.873,0.840,MODIS_LM
2021-08-19,0.828,0.847,MODIS_LM
2021-08-20,0.856,0.849,S2
2021-08-21,0.828,0.854,MODIS_LM
2021-08-23,0.891,0.844,MODIS_LM
2021-08-26,0.815,0.844,MODIS_LM
2021-08-27,0.843,0.837,MODIS_LM
2021-08-28,0.875,0.835,MODIS_LM
2021-08-29,0.791,0.833,MODIS_LM
2021-08-31,0.823,0.828,MODIS_LM
2021-09-05,0.828,0.824,MODIS_LM
2021-09-15,0.807,0.823,MODIS_LM
2021-09-19,0.869,0.821,S2
2021-09-23,0.779,0.823,MODIS_LM
2021-09-25,0.836,0.820,MODIS_LM
2021-10-07,0.750,0.819,MODIS_LM
2021-10-08,0.893,0.818,MODIS_LM
2021-10-11,0.782,0.819,MODIS_LM
2021-10-13,0.811,0.819,MODIS_LM
2021-10-14,0.850,0.815,S2
2021-10-16,0.810,0.806,MODIS_LM
2021-10-18,0.820,0.800,MODIS_LM
2021-10-20,0.793,0.794,MODIS_LM
2021-10-22,0.750,0.786,MODIS_LM
2021-10-23,0.764,0.770,MODIS_LM
2021-10-26,0.805,0.753,MODIS_LM
2021-10-27,0.723,0.725,MODIS_LM
2021-11-05,0.693,0.713,MODIS_LM
2021-11-06,0.707,0.690,MODIS_LM
2021-11-07,0.651,0.668,MODIS_LM
2021-11-08,0.694,0.647,MODIS_LM
2021-11-13,0.628,0.623,MODIS_LM
2021-11-18,0.551,0.601,S2
2021-11-19,0.570,0.582,MODIS_LM
2021-11-28,0.542,0.560,MODIS_LM
2021-11-30,0.576,0.544,MODIS_LM
2021-12-01,0.584,0.536,MODIS_LM
2021-12-02,0.502,0.534,MODIS_LM
2021-12-03,0.506,0.531,S2
2021-12-11,0.488,0.532,MODIS_LM
2021-12-12,0.510,0.537,MODIS_LM
2021-12-14,0.545,0.542,MODIS_LM
2021-12-15,0.552,0.544,MODIS_LM
2021-12-17,0.542,0.546,MODIS_LM
2021-12-18,0.606,0.546,S2
2021-12-19,0.585,0.548,MODIS_LM
2021-12-31,0.617,0.555,MODIS_LM
2022-01-06,0.519,0.562,MODIS_LM
2022-01-08,0.558,0.562,MODIS_LM
2022-01-12,0.547,0.563,S2
2022-01-13,0.486,0.561,MODIS_LM
2022-01-15,0.551,0.562,MODIS_LM
2022-01-16,0.588,0.562,MODIS_LM
2022-01-17,0.543,0.559,MODIS_LM
2022-01-18,0.611,0.560,MODIS_LM
2022-01-20,0.562,0.561,MODIS_LM
2022-01-22,0.541,0.561,S2
2022-01-23,0.567,0.563,MODIS_LM
2022-01-24,0.588,0.557,MODIS_LM
2022-01-26,0.576,0.553,MODIS_LM
2022-01-27,0.566,0.552,S2
2022-01-29,0.507,0.548,MODIS_LM
2022-02-01,0.537,0.542,S2
2022-02-02,0.563,0.540,MODIS_LM
2022-02-03,0.475,0.528,MODIS_LM
2022-02-05,0.534,0.530,MODIS_LM
2022-02-07,0.512,0.537,MODIS_LM
2022-02-09,0.539,0.529,MODIS_LM
2022-02-10,0.563,0.535,MODIS_LM
2022-02-12,0.584,0.540,MODIS_LM
2022-02-21,0.535,0.541,MODIS_LM
2022-02-23,0.484,0.542,MODIS_LM
2022-02-26,0.554,0.543,S2
2022-03-06,0.539,0.549,MODIS_LM
2022-03-08,0.658,0.558,MODIS_LM
2022-03-31,0.578,0.562,MODIS_LM
2022-04-03,0.468,0.574,MODIS_LM
2022-04-04,0.666,0.585,MODIS_LM
2022-04-05,0.522,0.605,MODIS_LM
2022-04-16,0.574,0.627,MODIS_LM
2022-04-17,0.656,0.664,S2
2022-04-22,0.708,0.692,S2
2022-04-26,0.719,0.716,MODIS_LM
2022-05-07,0.720,0.747,MODIS_LM
2022-05-08,0.791,0.775,MODIS_LM
2022-05-09,0.823,0.804,MODIS_LM
2022-05-10,0.843,0.828,MODIS_LM
2022-05-11,0.901,0.837,MODIS_LM
2022-05-12,0.872,0.855,S2
2022-05-13,0.937,0.858,MODIS_LM
2022-05-14,0.778,0.862,MODIS_LM
2022-05-17,0.879,0.866,S2
2022-05-19,0.868,0.865,MODIS_LM
2022-05-21,0.815,0.862,MODIS_LM
2022-05-23,0.793,0.854,MODIS_LM
2022-05-26,0.862,0.849,MODIS_LM
2022-05-28,0.845,0.842,MODIS_LM
2022-05-29,0.859,0.843,MODIS_LM
2022-05-31,0.882,0.851,MODIS_LM
2022-06-01,0.883,0.847,MODIS_LM
2022-06-04,0.824,0.850,MODIS_LM
2022-06-05,0.807,0.849,MODIS_LM
2022-06-06,0.867,0.855,S2
2022-06-09,0.845,0.859,MODIS_LM
2022-06-10,0.862,0.858,MODIS_LM
2022-06-11,0.866,0.857,S2
2022-06-12,0.915,0.859,MODIS_LM
2022-06-13,0.823,0.859,MODIS_LM
2022-06-20,0.757,0.855,MODIS_LM
2022-06-23,0.901,0.855,MODIS_LM
2022-06-25,0.927,0.851,MODIS_LM
2022-06-27,0.846,0.848,MODIS_LM
2022-06-28,0.830,0.839,MODIS_LM
2022-06-29,0.842,0.835,MODIS_LM
2022-07-02,0.855,0.831,MODIS_LM
2022-07-03,0.811,0.825,MODIS_LM
2022-07-04,0.789,0.826,MODIS_LM
2022-07-05,0.788,0.830,MODIS_LM
2022-07-07,0.839,0.831,MODIS_LM
2022-07-08,0.797,0.822,MODIS_LM
2022-07-09,0.866,0.824,MODIS_LM
2022-07-10,0.814,0.831,MODIS_LM
2022-07-11,0.848,0.834,S2
2022-07-12,0.847,0.837,MODIS_LM
2022-07-13,0.837,0.837,MODIS_LM
2022-07-14,0.893,0.845,MODIS_LM
2022-07-15,0.816,0.845,MODIS_LM
2022-07-16,0.854,0.846,S2
2022-07-17,0.798,0.844,MODIS_LM
2022-07-18,0.853,0.841,MODIS_LM
2022-07-19,0.845,0.832,MODIS_LM
2022-07-20,0.829,0.833,MODIS_LM
2022-07-21,0.828,0.826,S2
2022-07-22,0.811,0.822,MODIS_LM
2022-07-23,0.879,0.819,MODIS_LM
2022-07-24,0.778,0.814,MODIS_LM
2022-07-26,0.835,0.816,S2
2022-07-27,0.778,0.811,MODIS_LM
2022-07-30,0.766,0.808,MODIS_LM
2022-07-31,0.817,0.800,S2
2022-08-01,0.837,0.800,MODIS_LM
2022-08-02,0.773,0.798,MODIS_LM
2022-08-03,0.820,0.793,MODIS_LM
2022-08-05,0.794,0.789,S2
2022-08-06,0.782,0.785,MODIS_LM
2022-08-07,0.792,0.787,MODIS_LM
2022-08-08,0.770,0.780,MODIS_LM
2022-08-09,0.766,0.779,MODIS_LM
2022-08-10,0.788,0.779,S2
2022-08-12,0.805,0.773,MODIS_LM
2022-08-13,0.737,0.774,MODIS_LM
2022-08-16,0.755,0.777,MODIS_LM
2022-08-19,0.787,0.777,MODIS_LM
2022-08-20,0.784,0.785,S2
2022-08-21,0.771,0.784,MODIS_LM
2022-08-22,0.771,0.785,MODIS_LM
2022-08-24,0.811,0.782,MODIS_LM
2022-08-26,0.827,0.789,MODIS_LM
2022-08-27,0.742,0.789,MODIS_LM
2022-08-28,0.823,0.782,MODIS_LM
2022-08-29,0.782,0.778,MODIS_LM
2022-08-30,0.787,0.767,MODIS_LM
2022-09-01,0.775,0.758,MODIS_LM
2022-09-06,0.682,0.756,MODIS_LM
2022-09-07,0.789,0.751,MODIS_LM
2022-09-10,0.746,0.746,MODIS_LM
2022-09-11,0.807,0.740,MODIS_LM
2022-09-12,0.639,0.747,MODIS_LM
2022-09-13,0.674,0.741,MODIS_LM
2022-09-15,0.757,0.742,MODIS_LM
2022-09-17,0.764,0.750,MODIS_LM
2022-09-18,0.794,0.752,MODIS_LM
2022-09-20,0.793,0.755,MODIS_LM
2022-09-21,0.734,0.764,MODIS_LM
2022-10-02,0.779,0.763,MODIS_LM
2022-10-04,0.770,0.770,S2
2022-10-05,0.791,0.770,MODIS_LM
2022-10-31,0.664,0.777,MODIS_LM
2022-11-01,0.873,0.763,MODIS_LM
2022-11-05,0.738,0.755,MODIS_LM
2022-11-06,0.714,0.754,MODIS_LM
2022-11-07,0.755,0.745,MODIS_LM
2022-11-10,0.789,0.731,MODIS_LM
2022-11-11,0.697,0.720,MODIS_LM
2022-11-22,0.705,0.701,MODIS_LM
2022-11-30,0.657,0.687,MODIS_LM
2022-12-04,0.698,0.671,MODIS_LM
2022-12-05,0.637,0.668,MODIS_LM
2022-12-09,0.732,0.641,MODIS_LM
2022-12-21,0.607,0.629,MODIS_LM
2022-12-27,0.502,0.598,MODIS_LM
2022-12-29,0.545,0.564,MODIS_LM
2023-01-04,0.617,0.547,MODIS_LM
2023-01-05,0.551,0.532,MODIS_LM
2023-01-06,0.583,0.516,MODIS_LM
2023-01-07,0.537,0.500,S2
2023-01-10,0.524,0.496,MODIS_LM
2023-01-18,0.314,0.490,MODIS_LM
2023-01-22,0.432,0.491,S2
2023-01-29,0.391,0.504,MODIS_LM
2023-01-31,0.566,0.514,MODIS_LM
2023-02-02,0.619,0.518,MODIS_LM
2023-02-03,0.486,0.518,MODIS_LM
2023-02-05,0.560,0.528,MODIS_LM
2023-02-10,0.563,0.534,MODIS_LM
2023-02-12,0.634,0.543,MODIS_LM
2023-02-13,0.489,0.552,MODIS_LM
2023-02-16,0.619,0.565,MODIS_LM
2023-02-17,0.538,0.549,MODIS_LM
2023-02-18,0.531,0.547,MODIS_LM
2023-02-19,0.490,0.526,MODIS_LM
2023-02-20,0.453,0.517,MODIS_LM
2023-03-01,0.544,0.506,MODIS_LM
2023-03-04,0.494,0.494,MODIS_LM
2023-03-06,0.510,0.485,MODIS_LM
2023-03-12,0.531,0.475,MODIS_LM
2023-03-14,0.501,0.483,MODIS_LM
2023-03-16,0.403,0.477,MODIS_LM
2023-03-20,0.549,0.482,MODIS_LM
2023-03-22,0.362,0.487,MODIS_LM
2023-03-28,0.496,0.493,S2
2023-03-30,0.468,0.500,MODIS_LM
2023-04-05,0.597,0.506,MODIS_LM
2023-04-07,0.520,0.525,MODIS_LM
2023-04-08,0.551,0.552,MODIS_LM
2023-04-13,0.637,0.579,MODIS_LM
2023-04-17,0.516,0.612,S2
2023-04-18,0.613,0.646,MODIS_LM
2023-04-20,0.655,0.674,MODIS_LM
2023-04-27,0.684,0.706,S2
2023-05-02,0.739,0.732,MODIS_LM
2023-05-03,0.785,0.749,MODIS_LM
2023-05-04,0.846,0.767,MODIS_LM
2023-05-08,0.847,0.785,MODIS_LM
2023-05-10,0.753,0.790,MODIS_LM
2023-05-11,0.820,0.800,MODIS_LM
2023-05-12,0.826,0.811,S2
2023-05-17,0.797,0.811,MODIS_LM
2023-05-20,0.775,0.811,MODIS_LM
2023-05-23,0.830,0.805,MODIS_LM
2023-05-26,0.689,0.800,MODIS_LM
2023-05-27,0.833,0.796,S2
2023-05-28,0.751,0.795,MODIS_LM
2023-05-30,0.805,0.804,MODIS_LM
2023-06-12,0.893,0.807,MODIS_LM
2023-06-15,0.811,0.803,MODIS_LM
2023-06-16,0.814,0.802,S2
2023-06-17,0.780,0.807,MODIS_LM
2023-06-22,0.780,0.815,MODIS_LM
2023-06-23,0.856,0.821,MODIS_LM
2023-06-24,0.819,0.831,MODIS_LM
2023-06-25,0.830,0.825,MODIS_LM
2023-06-26,0.829,0.827,S2
2023-06-27,0.732,0.823,MODIS_LM
2023-06-30,0.830,0.825,MODIS_LM
2023-07-02,0.852,0.831,MODIS_LM
2023-07-03,0.905,0.830,MODIS_LM
2023-07-04,0.853,0.819,MODIS_LM
2023-07-07,0.811,0.802,MODIS_LM
2023-07-08,0.780,0.794,MODIS_LM
2023-07-09,0.765,0.791,MODIS_LM
2023-07-10,0.796,0.784,MODIS_LM
2023-07-14,0.805,0.777,MODIS_LM
2023-07-15,0.784,0.775,MODIS_LM
2023-07-17,0.696,0.763,MODIS_LM
2023-07-18,0.696,0.760,MODIS_LM
2023-07-20,0.692,0.763,MODIS_LM
2023-07-21,0.810,0.771,S2
2023-07-22,0.891,0.777,MODIS_LM
2023-07-23,0.760,0.784,MODIS_LM
2023-07-24,0.773,0.790,MODIS_LM
2023-07-26,0.797,0.791,MODIS_LM
2023-07-27,0.834,0.796,MODIS_LM
2023-07-28,0.796,0.808,MODIS_LM
2023-07-31,0.830,0.813,S2
2023-08-05,0.822,0.816,S2
2023-08-06,0.765,0.815,MODIS_LM
2023-08-07,0.798,0.801,MODIS_LM
2023-08-08,0.805,0.795,MODIS_LM
2023-08-09,0.800,0.796,MODIS_LM
2023-08-11,0.769,0.792,MODIS_LM
2023-08-12,0.830,0.784,MODIS_LM
2023-08-13,0.827,0.778,MODIS_LM
2023-08-14,0.737,0.775,MODIS_LM
2023-08-15,0.812,0.774,S2
2023-08-16,0.715,0.773,MODIS_LM
2023-08-17,0.698,0.775,MODIS_LM
2023-08-20,0.799,0.773,S2
2023-08-21,0.788,0.767,MODIS_LM
2023-08-22,0.787,0.770,MODIS_LM
2023-08-23,0.753,0.773,MODIS_LM
2023-08-24,0.789,0.774,MODIS_LM
2023-09-01,0.797,0.777,MODIS_LM
2023-09-06,0.801,0.779,MODIS_LM
2023-09-07,0.750,0.777,MODIS_LM
2023-09-08,0.789,0.782,MODIS_LM
2023-09-09,0.759,0.780,S2
2023-09-10,0.761,0.776,MODIS_LM
2023-09-13,0.851,0.775,MODIS_LM
2023-09-14,0.763,0.776,S2
2023-09-19,0.741,0.778,MODIS_LM
2023-09-23,0.739,0.778,MODIS_LM
2023-09-24,0.763,0.781,S2
2023-09-25,0.821,0.780,MODIS_LM
2023-09-26,0.793,0.786,MODIS_LM
2023-09-27,0.794,0.784,MODIS_LM
2023-09-28,0.782,0.785,MODIS_LM
2023-09-29,0.758,0.780,S2
2023-09-30,0.815,0.778,MODIS_LM
2023-10-01,0.793,0.787,MODIS_LM
2023-10-02,0.783,0.785,MODIS_LM
2023-10-04,0.767,0.780,S2
2023-10-06,0.744,0.772,MODIS_LM
2023-10-07,0.811,0.763,MODIS_LM
2023-10-08,0.726,0.767,MODIS_LM
2023-10-09,0.768,0.768,S2
2023-10-10,0.759,0.765,MODIS_LM
2023-10-11,0.807,0.763,MODIS_LM
2023-10-13,0.759,0.758,MODIS_LM
2023-10-14,0.696,0.759,MODIS_LM
2023-10-20,0.759,0.762,MODIS_LM
2023-10-25,0.760,0.766,MODIS_LM
2023-10-28,0.789,0.767,MODIS_LM
2023-10-31,0.820,0.764,MODIS_LM
2023-11-01,0.717,0.758,MODIS_LM
2023-11-03,0.712,0.745,MODIS_LM
2023-11-05,0.760,0.740,MODIS_LM
2023-11-08,0.749,0.732,S2
2023-11-11,0.760,0.719,MODIS_LM
2023-11-12,0.741,0.709,MODIS_LM
2023-11-19,0.682,0.685,MODIS_LM
2023-11-20,0.642,0.668,MODIS_LM
2023-11-23,0.612,0.654,MODIS_LM
2023-11-24,0.583,0.632,MODIS_LM
2023-11-25,0.671,0.624,MODIS_LM
2023-11-26,0.665,0.605,MODIS_LM
2023-12-03,0.548,0.588,S2
2023-12-05,0.524,0.576,MODIS_LM
2023-12-06,0.622,0.563,MODIS_LM
2023-12-17,0.507,0.562,MODIS_LM
2023-12-18,0.617,0.559,MODIS_LM
2023-12-19,0.543,0.555,MODIS_LM
2023-12-22,0.485,0.553,MODIS_LM
2023-12-23,0.620,0.554,MODIS_LM
2023-12-24,0.494,0.544,MODIS_LM
2023-12-25,0.578,0.547,MODIS_LM
2023-12-26,0.545,0.558,MODIS_LM
2023-12-27,0.552,0.557,MODIS_LM
2023-12-30,0.603,0.546,MODIS_LM
2024-01-08,0.511,0.555,MODIS_LM
2024-01-09,0.570,0.553,MODIS_LM
2024-01-12,0.581,0.555,S2
2024-01-18,0.548,0.555,MODIS_LM
2024-01-20,0.483,0.555,MODIS_LM
2024-01-21,0.616,0.561,MODIS_LM
2024-01-22,0.564,0.552,S2
2024-01-24,0.483,0.558,MODIS_LM
2024-01-25,0.531,0.552,MODIS_LM
2024-01-26,0.665,0.544,MODIS_LM
2024-02-03,0.492,0.539,MODIS_LM
2024-02-04,0.525,0.531,MODIS_LM
2024-02-05,0.580,0.525,MODIS_LM
2024-02-11,0.555,0.521,S2
2024-02-13,0.457,0.508,MODIS_LM
2024-02-14,0.477,0.494,MODIS_LM
2024-02-17,0.540,0.490,MODIS_LM
2024-02-18,0.390,0.482,MODIS_LM
2024-02-20,0.468,0.470,MODIS_LM
2024-02-23,0.481,0.461,MODIS_LM
2024-02-29,0.506,0.464,MODIS_LM
2024-03-01,0.439,0.459,MODIS_LM
2024-03-04,0.448,0.458,MODIS_LM
2024-03-06,0.417,0.462,MODIS_LM
2024-03-10,0.531,0.469,MODIS_LM
2024-03-13,0.459,0.471,MODIS_LM
2024-03-16,0.474,0.473,MODIS_LM
2024-03-17,0.506,0.485,S2
2024-03-18,0.481,0.495,MODIS_LM
2024-03-19,0.510,0.510,MODIS_LM
2024-03-27,0.528,0.529,S2
2024-04-01,0.532,0.551,S2
2024-04-11,0.535,0.571,S2
2024-04-12,0.585,0.594,MODIS_LM
2024-04-13,0.601,0.616,MODIS_LM
2024-04-14,0.629,0.643,MODIS_LM
2024-04-19,0.716,0.667,MODIS_LM
2024-04-20,0.750,0.691,MODIS_LM
2024-04-21,0.696,0.715,MODIS_LM
2024-04-22,0.725,0.729,MODIS_LM
2024-04-24,0.737,0.746,MODIS_LM
2024-04-25,0.780,0.762,MODIS_LM
2024-05-08,0.785,0.771,MODIS_LM
2024-05-09,0.791,0.780,MODIS_LM
2024-05-10,0.748,0.788,MODIS_LM
2024-05-11,0.810,0.789,S2
2024-05-13,0.788,0.791,MODIS_LM
2024-05-17,0.768,0.792,MODIS_LM
2024-05-28,0.774,0.805,MODIS_LM
2024-05-31,0.843,0.804,MODIS_LM
2024-06-01,0.811,0.805,MODIS_LM
2024-06-03,0.785,0.807,MODIS_LM
2024-06-05,0.850,0.810,S2
2024-06-06,0.794,0.807,MODIS_LM
2024-06-13,0.783,0.810,MODIS_LM
2024-06-14,0.830,0.810,MODIS_LM
2024-06-16,0.807,0.817,MODIS_LM
2024-06-17,0.874,0.816,MODIS_LM
2024-06-18,0.737,0.812,MODIS_LM
2024-06-24,0.827,0.808,MODIS_LM
2024-06-25,0.826,0.809,S2
2024-07-02,0.775,0.815,MODIS_LM
2024-07-03,0.798,0.811,MODIS_LM
2024-07-04,0.875,0.817,MODIS_LM
2024-07-05,0.829,0.818,S2
2024-07-08,0.807,0.815,MODIS_LM
2024-07-09,0.743,0.817,MODIS_LM
2024-07-10,0.829,0.815,S2
2024-07-11,0.843,0.817,MODIS_LM
2024-07-12,0.837,0.815,MODIS_LM
2024-07-14,0.857,0.819,MODIS_LM
2024-07-17,0.752,0.824,MODIS_LM
2024-07-18,0.846,0.817,MODIS_LM
2024-07-20,0.794,0.807,MODIS_LM
2024-07-22,0.784,0.806,MODIS_LM
2024-07-23,0.821,0.802,MODIS_LM
2024-07-24,0.791,0.798,MODIS_LM
2024-07-25,0.823,0.789,S2
2024-07-26,0.852,0.788,MODIS_LM
2024-07-27,0.775,0.786,MODIS_LM
2024-07-29,0.750,0.787,MODIS_LM
2024-07-31,0.683,0.788,MODIS_LM
2024-08-01,0.770,0.786,MODIS_LM
2024-08-02,0.828,0.787,MODIS_LM
2024-08-03,0.797,0.785,MODIS_LM
2024-08-04,0.814,0.783,S2
2024-08-05,0.812,0.784,MODIS_LM
2024-08-06,0.800,0.786,MODIS_LM
2024-08-08,0.764,0.788,MODIS_LM
2024-08-09,0.806,0.796,S2
2024-08-10,0.775,0.802,MODIS_LM
2024-08-11,0.810,0.800,MODIS_LM
2024-08-14,0.746,0.792,MODIS_LM
2024-08-15,0.803,0.790,MODIS_LM
2024-08-19,0.806,0.789,S2
2024-08-20,0.798,0.793,MODIS_LM
2024-08-22,0.816,0.793,MODIS_LM
2024-08-23,0.774,0.792,MODIS_LM
2024-08-24,0.810,0.794,S2
2024-08-26,0.802,0.793,MODIS_LM
2024-08-27,0.735,0.792,MODIS_LM
2024-08-28,0.816,0.792,MODIS_LM
2024-08-29,0.802,0.793,S2
2024-09-02,0.783,0.791,MODIS_LM
2024-09-05,0.830,0.792,MODIS_LM
2024-09-07,0.726,0.794,MODIS_LM
2024-09-09,0.800,0.795,MODIS_LM
2024-09-10,0.823,0.792,MODIS_LM
2024-09-11,0.778,0.792,MODIS_LM
2024-09-14,0.788,0.804,MODIS_LM
2024-09-15,0.814,0.812,MODIS_LM
2024-09-17,0.791,0.793,MODIS_LM
2024-09-18,0.801,0.777,S2
2024-09-19,0.783,0.767,MODIS_LM
2024-09-26,0.762,0.757,MODIS_LM
2024-09-28,0.758,0.754,S2
2024-09-29,0.747,0.740,MODIS_LM
2024-09-30,0.821,0.731,MODIS_LM
2024-10-03,0.743,0.713,S2
2024-10-19,0.560,0.706,MODIS_LM
2024-10-20,0.499,0.687,MODIS_LM
2024-11-03,0.735,0.683,MODIS_LM
2024-11-04,0.782,0.673,MODIS_LM
2024-11-11,0.714,0.672,MODIS_LM
2024-11-14,0.693,0.665,MODIS_LM
2024-11-17,0.617,0.652,S2
2024-11-19,0.619,0.642,MODIS_LM
2024-11-22,0.583,0.631,S2
2024-11-23,0.742,0.628,MODIS_LM
2024-11-27,0.537,0.617,S2
2024-11-28,0.717,0.600,MODIS_LM
2024-12-16,0.551,0.572,MODIS_LM
2024-12-18,0.589,0.563,MODIS_LM
2024-12-23,0.475,0.558,MODIS_LM
2024-12-25,0.495,0.557,MODIS_LM
2024-12-27,0.574,0.553,S2
2024-12-28,0.512,0.545,MODIS_LM
2024-12-29,0.536,0.547,MODIS_LM
2024-12-31,0.524,0.546,MODIS_LM
2025-01-08,0.630,0.551,MODIS_LM
2025-01-12,0.542,0.538,MODIS_LM
2025-01-13,0.578,0.543,MODIS_LM
2025-01-14,0.517,0.539,MODIS_LM
2025-01-15,0.571,0.540,MODIS_LM
2025-01-17,0.504,0.523,MODIS_LM
2025-01-18,0.556,0.506,MODIS_LM
2025-01-25,0.571,0.500,MODIS_LM
2025-01-28,0.433,0.496,MODIS_LM
2025-01-29,0.379,0.491,MODIS_LM
2025-01-30,0.453,0.475,MODIS_LM
2025-02-03,0.516,0.479,MODIS_LM
2025-02-04,0.485,0.480,MODIS_LM
2025-02-06,0.465,0.482,MODIS_LM
2025-02-26,0.421,0.486,MODIS_LM
2025-03-01,0.549,0.490,MODIS_LM
2025-03-17,0.589,0.494,MODIS_LM
2025-03-22,0.533,0.498,S2
2025-03-28,0.443,0.517,MODIS_LM
2025-03-30,0.476,0.521,MODIS_LM
2025-03-31,0.633,0.528,MODIS_LM
2025-04-01,0.519,0.536,S2
2025-04-06,0.512,0.560,S2
2025-04-08,0.569,0.575,MODIS_LM
2025-04-11,0.519,0.593,MODIS_LM
2025-04-17,0.619,0.607,MODIS_LM
2025-04-18,0.601,0.635,MODIS_LM
2025-04-20,0.743,0.665,MODIS_LM
2025-04-23,0.640,0.692,MODIS_LM
2025-04-25,0.792,0.713,MODIS_LM
2025-04-29,0.721,0.734,MODIS_LM
2025-04-30,0.816,0.766,MODIS_LM
2025-05-03,0.707,0.788,MODIS_LM
2025-05-13,0.836,0.803,MODIS_LM
2025-05-16,0.822,0.819,S2
2025-05-17,0.846,0.830,MODIS_LM
2025-05-21,0.797,0.835,MODIS_LM
2025-05-22,0.848,0.839,MODIS_LM
2025-05-24,0.861,0.847,MODIS_LM
2025-05-25,0.868,0.847,MODIS_LM
2025-05-26,0.852,0.850,S2
2025-05-28,0.828,0.850,MODIS_LM
2025-05-29,0.842,0.848,MODIS_LM
2025-05-30,0.866,0.840,MODIS_LM
2025-05-31,0.850,0.838,S2
2025-06-01,0.780,0.835,MODIS_LM
2025-06-06,0.877,0.836,MODIS_LM
2025-06-09,0.819,0.831,MODIS_LM
2025-06-10,0.840,0.827,S2
2025-06-11,0.782,0.829,MODIS_LM
2025-06-16,0.852,0.826,MODIS_LM
2025-06-17,0.779,0.829,MODIS_LM
2025-06-18,0.873,0.828,MODIS_LM
2025-06-20,0.829,0.826,MODIS_LM
2025-06-21,0.848,0.830,MODIS_LM
2025-06-22,0.840,0.833,S2
2025-06-23,0.807,0.833,MODIS_LM
2025-06-25,0.829,0.837,S2
2025-06-26,0.857,0.835,MODIS_LM
2025-06-27,0.803,0.841,MODIS_LM
2025-06-28,0.879,0.838,MODIS_LM
2025-06-29,0.805,0.839,MODIS_LM
2025-06-30,0.845,0.829,S2
2025-07-01,0.866,0.839,MODIS_LM
2025-07-02,0.834,0.841,S2
2025-07-03,0.857,0.842,MODIS_LM
2025-07-04,0.803,0.849,MODIS_LM
2025-07-05,0.839,0.850,MODIS_LM
2025-07-08,0.882,0.851,MODIS_LM
2025-07-09,0.803,0.850,MODIS_LM
2025-07-10,0.842,0.852,S2
2025-07-11,0.868,0.858,MODIS_LM
2025-07-13,0.969,0.854,MODIS_LM
2025-07-14,0.787,0.857,MODIS_LM
2025-07-15,0.853,0.858,S2
2025-07-16,0.895,0.852,MODIS_LM
2025-07-17,0.814,0.856,MODIS_LM
2025-07-18,0.832,0.849,MODIS_LM
2025-07-20,0.848,0.847,S2
2025-07-22,0.908,0.850,S2
2025-07-26,0.819,0.850,MODIS_LM
2025-07-27,0.801,0.848,MODIS_LM
2025-07-28,0.871,0.840,MODIS_LM
2025-07-29,0.792,0.841,MODIS_LM
2025-07-30,0.840,0.833,S2
2025-08-02,0.901,0.827,MODIS_LM
2025-08-03,0.796,0.825,MODIS_LM
2025-08-05,0.882,0.818,MODIS_LM
2025-08-06,0.832,0.815,MODIS_LM
2025-08-07,0.806,0.805,MODIS_LM
2025-08-09,0.728,0.808,MODIS_LM
2025-08-10,0.738,0.802,MODIS_LM
2025-08-11,0.812,0.796,S2
2025-08-12,0.841,0.801,MODIS_LM
2025-08-13,0.785,0.795,MODIS_LM
2025-08-14,0.809,0.795,S2
2025-08-15,0.812,0.802,MODIS_LM
2025-08-16,0.816,0.801,MODIS_LM
2025-08-17,0.744,0.810,MODIS_LM
2025-08-22,0.874,0.819,MODIS_LM
2025-08-23,0.794,0.827,MODIS_LM
2025-08-24,0.851,0.825,MODIS_LM
2025-08-29,0.846,0.825,MODIS_LM
2025-08-30,0.771,0.821,MODIS_LM
2025-08-31,0.844,0.825,S2
2025-09-02,0.836,0.824,MODIS_LM
2025-09-03,0.826,0.822,S2
2025-09-06,0.846,0.824,MODIS_LM
2025-09-15,0.833,0.824,MODIS_LM
2025-09-18,0.803,0.819,S2
2025-09-19,0.792,0.824,MODIS_LM
2025-09-23,0.822,0.821,S2
2025-09-24,0.769,0.819,MODIS_LM
2025-09-25,0.869,0.822,MODIS_LM
2025-09-27,0.819,0.823,MODIS_LM
2025-09-30,0.825,0.824,S2
2025-10-01,0.850,0.824,MODIS_LM
2025-10-02,0.816,0.827,MODIS_LM
2025-10-05,0.837,0.827,MODIS_LM
2025-10-06,0.821,0.830,MODIS_LM
2025-10-07,0.779,0.829,MODIS_LM
2025-10-11,0.827,0.828,MODIS_LM
2025-10-20,0.868,0.820,MODIS_LM
2025-10-21,0.821,0.810,MODIS_LM
2025-10-25,0.760,0.793,MODIS_LM
2025-10-27,0.789,0.779,MODIS_LM
2025-10-28,0.796,0.763,S2
2025-11-03,0.737,0.739,MODIS_LM
2025-11-04,0.775,0.704,MODIS_LM
2025-11-09,0.697,0.685,S2
2025-11-15,0.673,0.672,MODIS_LM
2025-11-17,0.575,0.653,S2
2025-11-18,0.646,0.640,MODIS_LM
2025-11-22,0.523,0.628,S2
2025-11-26,0.662,0.613,MODIS_LM
2025-11-27,0.542,0.599,S2
2025-11-29,0.519,0.588,S2
2025-12-01,0.610,0.582,MODIS_LM
2025-12-05,0.783,0.585,MODIS_LM
2025-12-09,0.637,0.584,S2
2026-01-04,0.520,0.582,MODIS_LM
2026-01-06,0.562,0.584,S2
2026-01-08,0.503,0.578,MODIS_LM
2026-01-11,0.547,0.574,S2
2026-01-23,0.587,0.558,MODIS_LM
2026-01-28,0.567,0.558,MODIS_LM
2026-01-30,0.593,0.552,MODIS_LM
2026-02-07,0.588,0.539,MODIS_LM
2026-02-11,0.447,0.529,MODIS_LM
2026-02-20,0.554,0.531,S2
2026-02-20,0.566,0.539,S2
2026-02-21,0.497,0.540,MODIS_LM
2026-02-22,0.511,0.542,MODIS_LM
2026-02-24,0.539,0.531,MODIS_LM
2026-03-02,0.611,0.537,MODIS_LM
2026-03-13,0.538,0.545,MODIS_LM
2026-03-16,0.484,0.545,MODIS_LM
2026-03-17,0.535,0.560,S2
2026-03-18,0.572,0.566,MODIS_LM
2026-03-20,0.680,0.572,MODIS_LM
2026-03-21,0.556,0.587,MODIS_LM
2026-03-22,0.545,0.602,MODIS_LM
2026-03-25,0.579,0.616,MODIS_LM
2026-04-04,0.733,0.622,MODIS_LM
2026-04-07,0.587,0.633,MODIS_LM
2026-04-08,0.583,0.653,S2
2026-04-09,0.744,0.671,MODIS_LM
2026-04-10,0.619,0.681,MODIS_LM
2026-04-14,0.802,0.696,MODIS_LM
2026-04-15,0.703,0.712,MODIS_LM
2026-04-16,0.687,0.727,S2
2026-04-17,0.738,0.743,MODIS_LM
2026-04-18,0.696,0.759,MODIS_LM
2026-04-19,0.827,0.774,MODIS_LM
2026-04-21,0.810,0.790,S2
2026-04-24,0.820,0.805,MODIS_LM
2026-04-25,0.785,0.820,MODIS_LM
2026-04-26,0.842,0.834,S2
